Filename,CamId,Year,Latitude,Longitude,Month,Day,Timezone,Hour,Min,TempM,TempI
20110112_004001.jpg,4801,2011,49.1,10.75,1,12,1,3,20,3,37.4
20110113_084001.jpg,4801,2011,49.1,10.75,1,13,1,11,20,9,48.2
20110114_091004.jpg,4801,2011,49.1,10.75,1,14,1,9,20,10,50
20110115_094003.jpg,4801,2011,49.1,10.75,1,15,1,12,20,9,48.2
20110116_081002.jpg,4801,2011,49.1,10.75,1,16,1,7,34,0,32
20110117_091004.jpg,4801,2011,49.1,10.75,1,17,1,9,20,-2,28.4
20110118_101003.jpg,4801,2011,49.1,10.75,1,18,1,11,20,2,35.6
20110119_161004.jpg,4801,2011,49.1,10.75,1,19,1,16,20,2,35.6
20110120_091001.jpg,4801,2011,49.1,10.75,1,20,1,9,20,-1,30.2
20110121_084003.jpg,4801,2011,49.1,10.75,1,21,1,11,20,-1,30.2
20110122_101003.jpg,4801,2011,49.1,10.75,1,22,1,10,20,-3,26.6
20110123_081002.jpg,4801,2011,49.1,10.75,1,23,1,8,20,-7,19.4
20110124_081003.jpg,4801,2011,49.1,10.75,1,24,1,8,20,-2,28.4
20110125_111003.jpg,4801,2011,49.1,10.75,1,25,1,8,58,0,32
20110126_081001.jpg,4801,2011,49.1,10.75,1,26,1,6,44,0,32
20110127_091003.jpg,4801,2011,49.1,10.75,1,27,1,9,20,0,32
20110128_084003.jpg,4801,2011,49.1,10.75,1,28,1,11,20,-1,30.2
20110129_081002.jpg,4801,2011,49.1,10.75,1,29,1,8,20,-9,15.8
20110130_091002.jpg,4801,2011,49.1,10.75,1,30,1,9,20,-9,15.8
20110131_091003.jpg,4801,2011,49.1,10.75,1,31,1,9,20,-5,23
20110201_091003.jpg,4801,2011,49.1,10.75,2,1,1,9,20,-6,21.2
20110202_101003.jpg,4801,2011,49.1,10.75,2,2,1,10,20,-5,23
20110203_111003.jpg,4801,2011,49.1,10.75,2,3,1,11,20,-4,24.8
20110204_094002.jpg,4801,2011,49.1,10.75,2,4,1,12,20,4,39.2
20110205_081004.jpg,4801,2011,49.1,10.75,2,5,1,8,20,6,42.8
20110206_091002.jpg,4801,2011,49.1,10.75,2,6,1,9,20,3,37.4
20110207_114001.jpg,4801,2011,49.1,10.75,2,7,1,11,55,2,35.6
20110208_091002.jpg,4801,2011,49.1,10.75,2,8,1,10,20,4,39.2
20110209_101002.jpg,4801,2011,49.1,10.75,2,9,1,11,12,0,32
20110210_091002.jpg,4801,2011,49.1,10.75,2,10,1,9,20,-1,30.2
20110211_081003.jpg,4801,2011,49.1,10.75,2,11,1,8,20,5,41
20110212_091003.jpg,4801,2011,49.1,10.75,2,12,1,7,44,7,44.6
20110213_094002.jpg,4801,2011,49.1,10.75,2,13,1,9,56,1,33.8
20110214_091003.jpg,4801,2011,49.1,10.75,2,14,1,9,20,1,33.8
20110215_094003.jpg,4801,2011,49.1,10.75,2,15,1,10,42,-1,30.2
20110216_081003.jpg,4801,2011,49.1,10.75,2,16,1,8,20,0,32
20110217_081003.jpg,4801,2011,49.1,10.75,2,17,1,8,20,0,32
20110218_091001.jpg,4801,2011,49.1,10.75,2,18,1,9,20,2,35.6
20110219_101002.jpg,4801,2011,49.1,10.75,2,19,1,10,20,2,35.6
20110220_101003.jpg,4801,2011,49.1,10.75,2,20,1,10,20,-1,30.2
20110221_084003.jpg,4801,2011,49.1,10.75,2,21,1,11,20,-3,26.6
20110222_101002.jpg,4801,2011,49.1,10.75,2,22,1,10,20,-4,24.8
20110223_111007.jpg,4801,2011,49.1,10.75,2,23,1,11,20,-4,24.8
20110301_211004.jpg,4801,2011,49.1,10.75,3,1,1,21,20,0,32
20110302_081003.jpg,4801,2011,49.1,10.75,3,2,1,8,20,0,32
20110303_121002.jpg,4801,2011,49.1,10.75,3,3,1,12,20,3,37.4
20110304_121002.jpg,4801,2011,49.1,10.75,3,4,1,12,20,4,39.2
20110305_094002.jpg,4801,2011,49.1,10.75,3,5,1,12,20,5,41
20110306_084003.jpg,4801,2011,49.1,10.75,3,6,1,11,20,2,35.6
20110307_111003.jpg,4801,2011,49.1,10.75,3,7,1,11,20,3,37.4
20110308_091003.jpg,4801,2011,49.1,10.75,3,8,1,9,20,-1,30.2
20110309_084003.jpg,4801,2011,49.1,10.75,3,9,1,11,20,9,48.2
20110310_101001.jpg,4801,2011,49.1,10.75,3,10,1,10,20,7,44.6
20110311_084002.jpg,4801,2011,49.1,10.75,3,11,1,11,20,9,48.2
20110312_084001.jpg,4801,2011,49.1,10.75,3,12,1,11,20,9,48.2
20110313_091002.jpg,4801,2011,49.1,10.75,3,13,1,9,20,5,41
20110314_101003.jpg,4801,2011,49.1,10.75,3,14,1,10,20,10,50
20110315_081002.jpg,4801,2011,49.1,10.75,3,15,1,5,57,0,32
20110316_091003.jpg,4801,2011,49.1,10.75,3,16,1,9,20,7,44.6
20110317_084004.jpg,4801,2011,49.1,10.75,3,17,1,9,43,8,46.4
20110318_081003.jpg,4801,2011,49.1,10.75,3,18,1,6,46,6,42.8
20110319_081003.jpg,4801,2011,49.1,10.75,3,19,1,8,20,4,39.2
20110320_091002.jpg,4801,2011,49.1,10.75,3,20,1,9,20,2,35.6
20110321_081002.jpg,4801,2011,49.1,10.75,3,21,1,8,20,0,32
20110322_094002.jpg,4801,2011,49.1,10.75,3,22,1,12,20,10,50
20110323_101002.jpg,4801,2011,49.1,10.75,3,23,1,10,20,9,48.2
20110324_094004.jpg,4801,2011,49.1,10.75,3,24,1,12,20,15,59
20110325_091002.jpg,4801,2011,49.1,10.75,3,25,1,9,20,8,46.4
20110326_081002.jpg,4801,2011,49.1,10.75,3,26,1,8,20,7,44.6
20110327_071002.jpg,4801,2011,49.1,10.75,3,27,1,7,20,2,35.6
20110328_081002.jpg,4801,2011,49.1,10.75,3,28,1,8,20,1,33.8
20110329_081003.jpg,4801,2011,49.1,10.75,3,29,1,8,20,-1,30.2
20110330_081003.jpg,4801,2011,49.1,10.75,3,30,1,8,20,1,33.8
20110331_101003.jpg,4801,2011,49.1,10.75,3,31,1,10,20,11,51.8
20110401_061002.jpg,4801,2011,49.1,10.75,4,1,1,6,20,11,51.8
20110402_061003.jpg,4801,2011,49.1,10.75,4,2,1,6,20,3,37.4
20110403_071002.jpg,4801,2011,49.1,10.75,4,3,1,7,20,3,37.4
20110404_064002.jpg,4801,2011,49.1,10.75,4,4,1,9,20,11,51.8
20110405_081002.jpg,4801,2011,49.1,10.75,4,5,1,8,20,7,44.6
20110406_101003.jpg,4801,2011,49.1,10.75,4,6,1,10,20,13,55.4
20110407_121002.jpg,4801,2011,49.1,10.75,4,7,1,12,20,20,68
20110408_101003.jpg,4801,2011,49.1,10.75,4,8,1,10,20,12,53.6
20110409_081003.jpg,4801,2011,49.1,10.75,4,9,1,8,20,10,50
20110410_081002.jpg,4801,2011,49.1,10.75,4,10,1,8,20,5,41
20110411_081003.jpg,4801,2011,49.1,10.75,4,11,1,8,20,6,42.8
20110412_071003.jpg,4801,2011,49.1,10.75,4,12,1,7,20,13,55.4
20110413_111003.jpg,4801,2011,49.1,10.75,4,13,1,11,20,5,41
20110414_081003.jpg,4801,2011,49.1,10.75,4,14,1,8,20,4,39.2
20110415_064002.jpg,4801,2011,49.1,10.75,4,15,1,9,20,6,42.8
20110416_084002.jpg,4801,2011,49.1,10.75,4,16,1,11,20,11,51.8
20110417_061004.jpg,4801,2011,49.1,10.75,4,17,1,6,20,-1,30.2
20110418_091003.jpg,4801,2011,49.1,10.75,4,18,1,9,20,9,48.2
20110419_061001.jpg,4801,2011,49.1,10.75,4,19,1,6,20,2,35.6
20110420_091002.jpg,4801,2011,49.1,10.75,4,20,1,9,20,13,55.4
20110421_081003.jpg,4801,2011,49.1,10.75,4,21,1,8,20,8,46.4
20110422_064003.jpg,4801,2011,49.1,10.75,4,22,1,9,20,14,57.2
20110423_061002.jpg,4801,2011,49.1,10.75,4,23,1,6,20,6,42.8
20110424_064002.jpg,4801,2011,49.1,10.75,4,24,1,9,20,15,59
20110425_071003.jpg,4801,2011,49.1,10.75,4,25,1,7,20,9,48.2
20110426_081003.jpg,4801,2011,49.1,10.75,4,26,1,8,20,9,48.2
20110427_131003.jpg,4801,2011,49.1,10.75,4,27,1,10,58,9,48.2
20110428_091002.jpg,4801,2011,49.1,10.75,4,28,1,9,20,7,44.6
20110429_064002.jpg,4801,2011,49.1,10.75,4,29,1,9,20,14,57.2
20110430_074002.jpg,4801,2011,49.1,10.75,4,30,1,10,20,14,57.2
20110501_084002.jpg,4801,2011,49.1,10.75,5,1,1,11,20,15,59
20110502_131002.jpg,4801,2011,49.1,10.75,5,2,1,13,20,17,62.6
20110503_074002.jpg,4801,2011,49.1,10.75,5,3,1,10,20,6,42.8
20110504_081003.jpg,4801,2011,49.1,10.75,5,4,1,8,20,3,37.4
20110505_061002.jpg,4801,2011,49.1,10.75,5,5,1,6,20,-1,30.2
20110506_084002.jpg,4801,2011,49.1,10.75,5,6,1,11,20,14,57.2
20110507_081003.jpg,4801,2011,49.1,10.75,5,7,1,8,20,11,51.8
20110508_061002.jpg,4801,2011,49.1,10.75,5,8,1,6,20,7,44.6
20110509_104002.jpg,4801,2011,49.1,10.75,5,9,1,13,20,21,69.8
20110510_074003.jpg,4801,2011,49.1,10.75,5,10,1,10,20,17,62.6
20110511_091003.jpg,4801,2011,49.1,10.75,5,11,1,10,20,20,68
20110512_081002.jpg,4801,2011,49.1,10.75,5,12,1,8,20,16,60.8
20110513_121001.jpg,4801,2011,49.1,10.75,5,13,1,12,20,17,62.6
20110514_064003.jpg,4801,2011,49.1,10.75,5,14,1,9,20,11,51.8
20110515_064002.jpg,4801,2011,49.1,10.75,5,15,1,9,20,10,50
20110516_114004.jpg,4801,2011,49.1,10.75,5,16,1,14,20,14,57.2
20110517_101001.jpg,4801,2011,49.1,10.75,5,17,1,10,20,15,59
20110518_094001.jpg,4801,2011,49.1,10.75,5,18,1,12,20,20,68
20110519_061001.jpg,4801,2011,49.1,10.75,5,19,1,6,20,9,48.2
20110520_061002.jpg,4801,2011,49.1,10.75,5,20,1,6,20,12,53.6
20110521_061002.jpg,4801,2011,49.1,10.75,5,21,1,6,20,9,48.2
20110522_084002.jpg,4801,2011,49.1,10.75,5,22,1,11,20,23,73.4
20110523_061003.jpg,4801,2011,49.1,10.75,5,23,1,6,20,13,55.4
20110524_064001.jpg,4801,2011,49.1,10.75,5,24,1,9,20,19,66.2
20110525_071003.jpg,4801,2011,49.1,10.75,5,25,1,7,20,12,53.6
20110526_064002.jpg,4801,2011,49.1,10.75,5,26,1,9,20,18,64.4
20110527_114003.jpg,4801,2011,49.1,10.75,5,27,1,14,20,13,55.4
20110528_071003.jpg,4801,2011,49.1,10.75,5,28,1,7,20,9,48.2
20110529_084002.jpg,4801,2011,49.1,10.75,5,29,1,11,20,18,64.4
20110530_061003.jpg,4801,2011,49.1,10.75,5,30,1,6,20,11,51.8
20110531_091003.jpg,4801,2011,49.1,10.75,5,31,1,9,20,22,71.6
20110601_091002.jpg,4801,2011,49.1,10.75,6,1,1,9,20,13,55.4
20110602_064002.jpg,4801,2011,49.1,10.75,6,2,1,9,20,13,55.4
20110603_084002.jpg,4801,2011,49.1,10.75,6,3,1,11,20,19,66.2
20110604_081003.jpg,4801,2011,49.1,10.75,6,4,1,8,20,19,66.2
20110605_064002.jpg,4801,2011,49.1,10.75,6,5,1,9,20,20,68
20110606_091002.jpg,4801,2011,49.1,10.75,6,6,1,9,20,18,64.4
20110607_081002.jpg,4801,2011,49.1,10.75,6,7,1,8,20,16,60.8
20110608_071003.jpg,4801,2011,49.1,10.75,6,8,1,7,20,16,60.8
20110609_081002.jpg,4801,2011,49.1,10.75,6,9,1,8,20,13,55.4
20110610_071002.jpg,4801,2011,49.1,10.75,6,10,1,7,20,12,53.6
20110611_081002.jpg,4801,2011,49.1,10.75,6,11,1,8,20,12,53.6
20110612_091003.jpg,4801,2011,49.1,10.75,6,12,1,9,20,16,60.8
20110613_064003.jpg,4801,2011,49.1,10.75,6,13,1,9,20,15,59
20110614_074004.jpg,4801,2011,49.1,10.75,6,14,1,10,20,19,66.2
20110615_071002.jpg,4801,2011,49.1,10.75,6,15,1,7,20,14,57.2
20110616_071001.jpg,4801,2011,49.1,10.75,6,16,1,7,20,17,62.6
20110617_061002.jpg,4801,2011,49.1,10.75,6,17,1,6,20,14,57.2
20110618_071002.jpg,4801,2011,49.1,10.75,6,18,1,7,20,14,57.2
20110619_121003.jpg,4801,2011,49.1,10.75,6,19,1,12,20,13,55.4
20110620_061002.jpg,4801,2011,49.1,10.75,6,20,1,6,20,10,50
20110621_064002.jpg,4801,2011,49.1,10.75,6,21,1,9,20,19,66.2
20110622_071002.jpg,4801,2011,49.1,10.75,6,22,1,7,20,18,64.4
20110623_074002.jpg,4801,2011,49.1,10.75,6,23,1,14,20,20,68
20110624_081001.jpg,4801,2011,49.1,10.75,6,24,1,8,20,14,57.2
20110625_081003.jpg,4801,2011,49.1,10.75,6,25,1,8,20,12,53.6
20110626_071002.jpg,4801,2011,49.1,10.75,6,26,1,7,20,15,59
20110627_064003.jpg,4801,2011,49.1,10.75,6,27,1,9,20,20,68
20110628_071002.jpg,4801,2011,49.1,10.75,6,28,1,7,20,17,62.6
20110629_061003.jpg,4801,2011,49.1,10.75,6,29,1,6,20,13,55.4
20110630_074002.jpg,4801,2011,49.1,10.75,6,30,1,11,2,13,55.4
20110727_061002.jpg,4801,2011,49.1,10.75,7,27,1,6,20,13,55.4
20110728_081002.jpg,4801,2011,49.1,10.75,7,28,1,8,20,16,60.8
20110729_091003.jpg,4801,2011,49.1,10.75,7,29,1,9,20,18,64.4
20110730_071002.jpg,4801,2011,49.1,10.75,7,30,1,7,20,13,55.4
20110731_061002.jpg,4801,2011,49.1,10.75,7,31,1,6,20,12,53.6
20110801_064003.jpg,4801,2011,49.1,10.75,8,1,1,9,20,13,55.4
20110802_111002.jpg,4801,2011,49.1,10.75,8,2,1,11,20,21,69.8
20110803_064002.jpg,4801,2011,49.1,10.75,8,3,1,9,20,19,66.2
20110804_004005.jpg,4801,2011,49.1,10.75,8,4,1,3,20,17,62.6
20110805_021002.jpg,4801,2011,49.1,10.75,8,5,1,2,20,14,57.2
20110806_071002.jpg,4801,2011,49.1,10.75,8,6,1,7,20,16,60.8
20110807_024003.jpg,4801,2011,49.1,10.75,8,7,1,5,20,18,64.4
20110808_021002.jpg,4801,2011,49.1,10.75,8,8,1,2,20,16,60.8
20110809_234003.jpg,4801,2011,49.1,10.75,8,9,1,2,20,12,53.6
20110810_234002.jpg,4801,2011,49.1,10.75,8,10,1,2,20,11,51.8
20110811_074003.jpg,4801,2011,49.1,10.75,8,11,1,10,20,16,60.8
20110812_031003.jpg,4801,2011,49.1,10.75,8,12,1,3,20,14,57.2
20110813_104003.jpg,4801,2011,49.1,10.75,8,13,1,13,20,21,69.8
20110814_031004.jpg,4801,2011,49.1,10.75,8,14,1,3,20,14,57.2
20110815_074002.jpg,4801,2011,49.1,10.75,8,15,1,10,20,18,64.4
20110816_044003.jpg,4801,2011,49.1,10.75,8,16,1,6,30,13,55.4
20110817_011001.jpg,4801,2011,49.1,10.75,8,17,1,1,20,17,62.6
20110818_061002.jpg,4801,2011,49.1,10.75,8,18,1,7,9,15,59
20110819_011001.jpg,4801,2011,49.1,10.75,8,19,1,1,20,20,68
20110820_041004.jpg,4801,2011,49.1,10.75,8,20,1,4,20,17,62.6
20110821_044001.jpg,4801,2011,49.1,10.75,8,21,1,7,20,16,60.8
20110822_004004.jpg,4801,2011,49.1,10.75,8,22,1,4,3,19,66.2
20110823_231002.jpg,4801,2011,49.1,10.75,8,23,1,0,20,22,71.6
20110824_114002.jpg,4801,2011,49.1,10.75,8,24,1,14,20,31,87.8
20110825_084003.jpg,4801,2011,49.1,10.75,8,25,1,11,20,24,75.2
20110826_041003.jpg,4801,2011,49.1,10.75,8,26,1,4,20,19,66.2
20110827_034003.jpg,4801,2011,49.1,10.75,8,27,1,6,20,13,55.4
20110828_051003.jpg,4801,2011,49.1,10.75,8,28,1,5,20,8,46.4
20110829_094003.jpg,4801,2011,49.1,10.75,8,29,1,12,20,18,64.4
20110830_001002.jpg,4801,2011,49.1,10.75,8,30,1,0,20,13,55.4
20110831_231002.jpg,4801,2011,49.1,10.75,8,31,1,0,20,11,51.8
20110901_021003.jpg,4801,2011,49.1,10.75,9,1,1,2,20,13,55.4
20110902_014003.jpg,4801,2011,49.1,10.75,9,2,1,1,56,13,55.4
20110903_034002.jpg,4801,2011,49.1,10.75,9,3,1,6,20,14,57.2
20110904_074002.jpg,4801,2011,49.1,10.75,9,4,1,10,20,21,69.8
20110905_101002.jpg,4801,2011,49.1,10.75,9,5,1,10,20,17,62.6
20110906_081002.jpg,4801,2011,49.1,10.75,9,6,1,8,20,12,53.6
20110907_061002.jpg,4801,2011,49.1,10.75,9,7,1,6,20,16,60.8
20110908_071002.jpg,4801,2011,49.1,10.75,9,8,1,7,20,13,55.4
20110909_081003.jpg,4801,2011,49.1,10.75,9,9,1,8,20,14,57.2
20110910_094002.jpg,4801,2011,49.1,10.75,9,10,1,9,56,17,62.6
20110911_061002.jpg,4801,2011,49.1,10.75,9,11,1,6,20,13,55.4
20110912_101002.jpg,4801,2011,49.1,10.75,9,12,1,10,20,17,62.6
20110913_074002.jpg,4801,2011,49.1,10.75,9,13,1,10,20,19,66.2
20110914_121002.jpg,4801,2011,49.1,10.75,9,14,1,10,47,15,59
20110915_101003.jpg,4801,2011,49.1,10.75,9,15,1,10,20,15,59
20110916_061002.jpg,4801,2011,49.1,10.75,9,16,1,6,20,5,41
20110917_081002.jpg,4801,2011,49.1,10.75,9,17,1,8,20,15,59
20110918_061003.jpg,4801,2011,49.1,10.75,9,18,1,7,10,15,59
20110919_061003.jpg,4801,2011,49.1,10.75,9,19,1,6,20,8,46.4
20110920_071005.jpg,4801,2011,49.1,10.75,9,20,1,7,20,10,50
20110921_061001.jpg,4801,2011,49.1,10.75,9,21,1,6,20,5,41
20110922_064003.jpg,4801,2011,49.1,10.75,9,22,1,9,20,9,48.2
20110923_081001.jpg,4801,2011,49.1,10.75,9,23,1,8,20,12,53.6
20110924_071002.jpg,4801,2011,49.1,10.75,9,24,1,7,20,7,44.6
20110925_071001.jpg,4801,2011,49.1,10.75,9,25,1,7,20,7,44.6
20110926_081002.jpg,4801,2011,49.1,10.75,9,26,1,8,20,10,50
20110927_091004.jpg,4801,2011,49.1,10.75,9,27,1,8,32,8,46.4
20110928_071003.jpg,4801,2011,49.1,10.75,9,28,1,5,46,8,46.4
20110929_081003.jpg,4801,2011,49.1,10.75,9,29,1,6,47,9,48.2
20110930_084002.jpg,4801,2011,49.1,10.75,9,30,1,11,20,18,64.4
20111001_121001.jpg,4801,2011,49.1,10.75,10,1,1,12,20,19,66.2
20111002_081001.jpg,4801,2011,49.1,10.75,10,2,1,8,20,7,44.6
20111003_081004.jpg,4801,2011,49.1,10.75,10,3,1,8,20,8,46.4
20111004_094003.jpg,4801,2011,49.1,10.75,10,4,1,9,49,13,55.4
20111005_071002.jpg,4801,2011,49.1,10.75,10,5,1,7,20,9,48.2
20111006_081003.jpg,4801,2011,49.1,10.75,10,6,1,8,20,11,51.8
20111007_071003.jpg,4801,2011,49.1,10.75,10,7,1,7,20,8,46.4
20111008_061001.jpg,4801,2011,49.1,10.75,10,8,1,6,20,7,44.6
20111010_091002.jpg,4801,2011,49.1,10.75,10,10,1,7,48,8,46.4
20111011_091003.jpg,4801,2011,49.1,10.75,10,11,1,9,20,14,57.2
20111012_091002.jpg,4801,2011,49.1,10.75,10,12,1,9,20,13,55.4
20111013_084002.jpg,4801,2011,49.1,10.75,10,13,1,11,20,10,50
20111014_101001.jpg,4801,2011,49.1,10.75,10,14,1,9,36,3,37.4
20111015_061001.jpg,4801,2011,49.1,10.75,10,15,1,6,20,1,33.8
20111016_081002.jpg,4801,2011,49.1,10.75,10,16,1,8,20,2,35.6
20111017_061002.jpg,4801,2011,49.1,10.75,10,17,1,6,20,-2,28.4
20111018_094001.jpg,4801,2011,49.1,10.75,10,18,1,9,54,5,41
20111019_081002.jpg,4801,2011,49.1,10.75,10,19,1,8,20,7,44.6
20111020_074001.jpg,4801,2011,49.1,10.75,10,20,1,8,40,4,39.2
20111021_071005.jpg,4801,2011,49.1,10.75,10,21,1,7,20,-2,28.4
20111022_081001.jpg,4801,2011,49.1,10.75,10,22,1,8,20,-1,30.2
20111023_111001.jpg,4801,2011,49.1,10.75,10,23,1,11,20,0,32
20111024_094002.jpg,4801,2011,49.1,10.75,10,24,1,9,54,4,39.2
20111025_071001.jpg,4801,2011,49.1,10.75,10,25,1,7,20,4,39.2
20111026_071001.jpg,4801,2011,49.1,10.75,10,26,1,7,20,7,44.6
20111027_061001.jpg,4801,2011,49.1,10.75,10,27,1,6,20,8,46.4
20111028_064001.jpg,4801,2011,49.1,10.75,10,28,1,6,54,6,42.8
20111029_091001.jpg,4801,2011,49.1,10.75,10,29,1,9,20,4,39.2
20111030_081002.jpg,4801,2011,49.1,10.75,10,30,1,8,20,6,42.8
20111031_091001.jpg,4801,2011,49.1,10.75,10,31,1,9,20,5,41
20111101_081002.jpg,4801,2011,49.1,10.75,11,1,1,8,20,7,44.6
20111102_101002.jpg,4801,2011,49.1,10.75,11,2,1,9,20,6,42.8
20111103_101001.jpg,4801,2011,49.1,10.75,11,3,1,10,20,4,39.2
20111104_094001.jpg,4801,2011,49.1,10.75,11,4,1,12,20,8,46.4
20111105_111001.jpg,4801,2011,49.1,10.75,11,5,1,11,20,9,48.2
20111106_091001.jpg,4801,2011,49.1,10.75,11,6,1,9,20,8,46.4
20111107_084000.jpg,4801,2011,49.1,10.75,11,7,1,11,20,12,53.6
20111108_111001.jpg,4801,2011,49.1,10.75,11,8,1,11,20,10,50
20111109_081000.jpg,4801,2011,49.1,10.75,11,9,1,6,44,2,35.6
20111110_091002.jpg,4801,2011,49.1,10.75,11,10,1,6,58,5,41
20111111_094002.jpg,4801,2011,49.1,10.75,11,11,1,12,20,5,41
20111112_091001.jpg,4801,2011,49.1,10.75,11,12,1,6,58,2,35.6
20111113_131001.jpg,4801,2011,49.1,10.75,11,13,1,13,20,6,42.8
20111114_081001.jpg,4801,2011,49.1,10.75,11,14,1,8,20,-1,30.2
20111115_081001.jpg,4801,2011,49.1,10.75,11,15,1,8,20,-1,30.2
20111116_084001.jpg,4801,2011,49.1,10.75,11,16,1,11,20,0,32
20111117_081001.jpg,4801,2011,49.1,10.75,11,17,1,8,20,2,35.6
20111118_101001.jpg,4801,2011,49.1,10.75,11,18,1,10,20,2,35.6
20111119_081001.jpg,4801,2011,49.1,10.75,11,19,1,8,20,-1,30.2
20111120_101002.jpg,4801,2011,49.1,10.75,11,20,1,10,20,2,35.6
20111121_111002.jpg,4801,2011,49.1,10.75,11,21,1,10,37,1,33.8
20111122_081015.jpg,4801,2011,49.1,10.75,11,22,1,8,20,-3,26.6
20111123_081105.jpg,4801,2011,49.1,10.75,11,23,1,8,20,-1,30.2
20111124_081002.jpg,4801,2011,49.1,10.75,11,24,1,8,20,-2,28.4
20111125_081007.jpg,4801,2011,49.1,10.75,11,25,1,8,20,-2,28.4
20111126_091001.jpg,4801,2011,49.1,10.75,11,26,1,9,20,3,37.4
20111127_114002.jpg,4801,2011,49.1,10.75,11,27,1,14,20,10,50
20111128_091005.jpg,4801,2011,49.1,10.75,11,28,1,9,20,2,35.6
20111129_101002.jpg,4801,2011,49.1,10.75,11,29,1,8,45,2,35.6
20111130_101002.jpg,4801,2011,49.1,10.75,11,30,1,8,44,0,32
20111201_121002.jpg,4801,2011,49.1,10.75,12,1,1,10,47,6,42.8
20111202_091003.jpg,4801,2011,49.1,10.75,12,2,1,9,20,-1,30.2
20111203_091001.jpg,4801,2011,49.1,10.75,12,3,1,9,20,5,41
20111204_084001.jpg,4801,2011,49.1,10.75,12,4,1,11,20,10,50
20111205_081002.jpg,4801,2011,49.1,10.75,12,5,1,8,20,5,41
20111206_091108.jpg,4801,2011,49.1,10.75,12,6,1,9,20,3,37.4
20111207_081002.jpg,4801,2011,49.1,10.75,12,7,1,8,20,4,39.2
20111208_091001.jpg,4801,2011,49.1,10.75,12,8,1,9,20,3,37.4
20111209_091003.jpg,4801,2011,49.1,10.75,12,9,1,9,20,9,48.2
20111210_091001.jpg,4801,2011,49.1,10.75,12,10,1,9,20,1,33.8
20111211_081001.jpg,4801,2011,49.1,10.75,12,11,1,8,20,2,35.6
20111212_081001.jpg,4801,2011,49.1,10.75,12,12,1,10,9,2,35.6
20111213_111002.jpg,4801,2011,49.1,10.75,12,13,1,10,35,1,33.8
20111214_084002.jpg,4801,2011,49.1,10.75,12,14,1,11,20,10,50
20111215_081001.jpg,4801,2011,49.1,10.75,12,15,1,8,20,2,35.6
20111216_091002.jpg,4801,2011,49.1,10.75,12,16,1,6,57,3,37.4
20111217_121002.jpg,4801,2011,49.1,10.75,12,17,1,12,20,2,35.6
20111218_081001.jpg,4801,2011,49.1,10.75,12,18,1,7,33,-1,30.2
20111219_101002.jpg,4801,2011,49.1,10.75,12,19,1,11,11,0,32
20111220_081003.jpg,4801,2011,49.1,10.75,12,20,1,8,20,-4,24.8
20111221_101001.jpg,4801,2011,49.1,10.75,12,21,1,10,20,2,35.6
20111222_081001.jpg,4801,2011,49.1,10.75,12,22,1,6,48,1,33.8
20111223_081106.jpg,4801,2011,49.1,10.75,12,23,1,8,20,6,42.8
20111224_091001.jpg,4801,2011,49.1,10.75,12,24,1,9,20,5,41
20111225_081002.jpg,4801,2011,49.1,10.75,12,25,1,8,20,1,33.8
20111226_084055.jpg,4801,2011,49.1,10.75,12,26,1,11,20,5,41
20111227_091109.jpg,4801,2011,49.1,10.75,12,27,1,9,20,5,41
20111228_094002.jpg,4801,2011,49.1,10.75,12,28,1,12,20,2,35.6
20111229_084001.jpg,4801,2011,49.1,10.75,12,29,1,11,20,4,39.2
20111230_111003.jpg,4801,2011,49.1,10.75,12,30,1,11,20,1,33.8
20111231_094001.jpg,4801,2011,49.1,10.75,12,31,1,11,29,2,35.6
20120602_171140.jpg,684,2012,37.2979,-79.9877,6,2,-5,9,54,17.2,63
20120603_074140.jpg,684,2012,37.2979,-79.9877,6,3,-5,1,54,13.3,55.9
20120604_104138.jpg,684,2012,37.2979,-79.9877,6,4,-5,4,54,17.2,63
20120605_134139.jpg,684,2012,37.2979,-79.9877,6,5,-5,7,54,15.6,60.1
20120606_071139.jpg,684,2012,37.2979,-79.9877,6,6,-5,2,6,14,57.2
20120607_144140.jpg,684,2012,37.2979,-79.9877,6,7,-5,8,54,15.6,60.1
20120608_051139.jpg,684,2012,37.2979,-79.9877,6,8,-5,0,54,14.4,57.9
20120609_051140.jpg,684,2012,37.2979,-79.9877,6,9,-5,0,54,16.7,62.1
20120610_054140.jpg,684,2012,37.2979,-79.9877,6,10,-5,0,54,17.8,64
20120611_101139.jpg,684,2012,37.2979,-79.9877,6,11,-5,2,54,20,68
20120612_211148.jpg,684,2012,37.2979,-79.9877,6,12,-5,13,54,28.9,84
20120613_091149.jpg,684,2012,37.2979,-79.9877,6,13,-5,1,54,19.4,66.9
20120614_054225.jpg,684,2012,37.2979,-79.9877,6,14,-5,0,54,17.2,63
20120615_064154.jpg,684,2012,37.2979,-79.9877,6,15,-5,0,54,19.4,66.9
20120616_131213.jpg,684,2012,37.2979,-79.9877,6,16,-5,5,54,13.9,57
20120617_084204.jpg,684,2012,37.2979,-79.9877,6,17,-5,2,54,16.7,62.1
20120618_054212.jpg,684,2012,37.2979,-79.9877,6,18,-5,0,54,21.1,70
20120619_054225.jpg,684,2012,37.2979,-79.9877,6,19,-5,0,54,20.6,69.1
20120620_064205.jpg,684,2012,37.2979,-79.9877,6,20,-5,0,54,22.8,73
20120621_074217.jpg,684,2012,37.2979,-79.9877,6,21,-5,1,54,23.3,73.9
20120622_054242.jpg,684,2012,37.2979,-79.9877,6,22,-5,0,54,25,77
20120623_121155.jpg,684,2012,37.2979,-79.9877,6,23,-5,4,54,20,68
20120624_081148.jpg,684,2012,37.2979,-79.9877,6,24,-5,0,54,20.6,69.1
20120625_084236.jpg,684,2012,37.2979,-79.9877,6,25,-5,2,54,20.6,69.1
20120626_104221.jpg,684,2012,37.2979,-79.9877,6,26,-5,4,54,16.7,62.1
20120627_064150.jpg,684,2012,37.2979,-79.9877,6,27,-5,0,54,17.8,64
20120628_051219.jpg,684,2012,37.2979,-79.9877,6,28,-5,0,54,20,68
20120629_054201.jpg,684,2012,37.2979,-79.9877,6,29,-5,0,54,30,86
20120702_191143.jpg,684,2012,37.2979,-79.9877,7,2,-5,11,54,29.4,84.9
20120703_111201.jpg,684,2012,37.2979,-79.9877,7,3,-5,3,54,21.7,71.1
20120704_131202.jpg,684,2012,37.2979,-79.9877,7,4,-5,5,54,22.8,73
20120705_101150.jpg,684,2012,37.2979,-79.9877,7,5,-5,2,54,25,77
20120706_051147.jpg,684,2012,37.2979,-79.9877,7,6,-5,0,54,25,77
20120707_054156.jpg,684,2012,37.2979,-79.9877,7,7,-5,0,54,26.7,80.1
20120708_054141.jpg,684,2012,37.2979,-79.9877,7,8,-5,0,54,28.3,82.9
20120709_084146.jpg,684,2012,37.2979,-79.9877,7,9,-5,2,54,25.6,78.1
20120710_101156.jpg,684,2012,37.2979,-79.9877,7,10,-5,2,54,22.8,73
20120711_111147.jpg,684,2012,37.2979,-79.9877,7,11,-5,3,54,21.1,70
20120712_084141.jpg,684,2012,37.2979,-79.9877,7,12,-5,2,54,20,68
20120713_091145.jpg,684,2012,37.2979,-79.9877,7,13,-5,1,54,22,71.6
20120714_084152.jpg,684,2012,37.2979,-79.9877,7,14,-5,2,54,21,69.8
20120715_051147.jpg,684,2012,37.2979,-79.9877,7,15,-5,0,35,22,71.6
20120716_111157.jpg,684,2012,37.2979,-79.9877,7,16,-5,3,54,24,75.2
20120717_064213.jpg,684,2012,37.2979,-79.9877,7,17,-5,0,54,23.9,75
20120718_094201.jpg,684,2012,37.2979,-79.9877,7,18,-5,3,54,25.6,78.1
20120719_061156.jpg,684,2012,37.2979,-79.9877,7,19,-5,0,54,24.4,75.9
20120720_054153.jpg,684,2012,37.2979,-79.9877,7,20,-5,0,54,22.2,72
20120721_084200.jpg,684,2012,37.2979,-79.9877,7,21,-5,2,54,22.8,73
20120722_061200.jpg,684,2012,37.2979,-79.9877,7,22,-5,1,33,22,71.6
20120723_071204.jpg,684,2012,37.2979,-79.9877,7,23,-5,0,54,23.3,73.9
20120724_124223.jpg,684,2012,37.2979,-79.9877,7,24,-5,6,54,25.6,78.1
20120725_054215.jpg,684,2012,37.2979,-79.9877,7,25,-5,0,54,24.4,75.9
20120726_074235.jpg,684,2012,37.2979,-79.9877,7,26,-5,1,54,25.6,78.1
20120727_064147.jpg,684,2012,37.2979,-79.9877,7,27,-5,0,54,27.8,82
20120728_111210.jpg,684,2012,37.2979,-79.9877,7,28,-5,3,54,21.1,70
20120729_134205.jpg,684,2012,37.2979,-79.9877,7,29,-5,7,54,22.2,72
20120730_051149.jpg,684,2012,37.2979,-79.9877,7,30,-5,0,54,22.8,73
20120731_124145.jpg,684,2012,37.2979,-79.9877,7,31,-5,6,54,20,68
20120801_071145.jpg,684,2012,37.2979,-79.9877,8,1,-5,0,39,20,68
20120802_074145.jpg,684,2012,37.2979,-79.9877,8,2,-5,1,54,18.3,64.9
20120803_074151.jpg,684,2012,37.2979,-79.9877,8,3,-5,1,54,24.4,75.9
20120804_164154.jpg,684,2012,37.2979,-79.9877,8,4,-5,10,54,26.1,79
20120805_131145.jpg,684,2012,37.2979,-79.9877,8,5,-5,5,54,22.8,73
20120806_071144.jpg,684,2012,37.2979,-79.9877,8,6,-5,0,54,22.8,73
20120807_191232.jpg,684,2012,37.2979,-79.9877,8,7,-5,11,54,27.8,82
20120808_231159.jpg,684,2012,37.2979,-79.9877,8,8,-5,15,54,32.2,90
20120809_074152.jpg,684,2012,37.2979,-79.9877,8,9,-5,1,54,22.8,73
20120810_061232.jpg,684,2012,37.2979,-79.9877,8,10,-5,0,35,24,75.2
20120811_091154.jpg,684,2012,37.2979,-79.9877,8,11,-5,1,54,22.2,72
20120812_064147.jpg,684,2012,37.2979,-79.9877,8,12,-5,0,54,20,68
20120813_191158.jpg,684,2012,37.2979,-79.9877,8,13,-5,11,54,26.1,79
20120814_071142.jpg,684,2012,37.2979,-79.9877,8,14,-5,0,54,22.2,72
20120815_151159.jpg,684,2012,37.2979,-79.9877,8,15,-5,7,54,21.1,70
20120816_054224.jpg,684,2012,37.2979,-79.9877,8,16,-5,0,54,20,68
20120817_061216.jpg,684,2012,37.2979,-79.9877,8,17,-5,0,54,21.1,70
20120818_151220.jpg,684,2012,37.2979,-79.9877,8,18,-5,7,54,20,68
20120819_064226.jpg,684,2012,37.2979,-79.9877,8,19,-5,0,54,21.7,71.1
20120820_071145.jpg,684,2012,37.2979,-79.9877,8,20,-5,0,54,18.9,66
20120821_071209.jpg,684,2012,37.2979,-79.9877,8,21,-5,0,54,18.3,64.9
20120822_071222.jpg,684,2012,37.2979,-79.9877,8,22,-5,0,54,18.9,66
20120823_071153.jpg,684,2012,37.2979,-79.9877,8,23,-5,0,54,21.1,70
20120824_051201.jpg,684,2012,37.2979,-79.9877,8,24,-5,0,54,20.6,69.1
20120825_071215.jpg,684,2012,37.2979,-79.9877,8,25,-5,0,54,18.9,66
20120826_121156.jpg,684,2012,37.2979,-79.9877,8,26,-5,4,54,19.4,66.9
20120827_071144.jpg,684,2012,37.2979,-79.9877,8,27,-5,0,54,20.6,69.1
20120828_084145.jpg,684,2012,37.2979,-79.9877,8,28,-5,2,54,20.6,69.1
20120829_064151.jpg,684,2012,37.2979,-79.9877,8,29,-5,0,54,24.4,75.9
20120830_111153.jpg,684,2012,37.2979,-79.9877,8,30,-5,3,54,19.4,66.9
20120831_081151.jpg,684,2012,37.2979,-79.9877,8,31,-5,0,54,23.3,73.9
20120901_074149.jpg,684,2012,37.2979,-79.9877,9,1,-5,1,54,25.6,78.1
20120902_084148.jpg,684,2012,37.2979,-79.9877,9,2,-5,2,54,21.7,71.1
20120903_054153.jpg,684,2012,37.2979,-79.9877,9,3,-5,0,54,21.7,71.1
20120904_114157.jpg,684,2012,37.2979,-79.9877,9,4,-5,5,54,22.2,72
20120905_061153.jpg,684,2012,37.2979,-79.9877,9,5,-5,0,54,23.3,73.9
20120906_061150.jpg,684,2012,37.2979,-79.9877,9,6,-5,0,54,21.7,71.1
20120907_064149.jpg,684,2012,37.2979,-79.9877,9,7,-5,0,54,21.1,70
20120908_081148.jpg,684,2012,37.2979,-79.9877,9,8,-5,0,54,22.8,73
20120909_101151.jpg,684,2012,37.2979,-79.9877,9,9,-5,2,54,13.9,57
20120910_061146.jpg,684,2012,37.2979,-79.9877,9,10,-5,0,54,13.9,57
20120911_121151.jpg,684,2012,37.2979,-79.9877,9,11,-5,4,54,10.6,51.1
20120912_064147.jpg,684,2012,37.2979,-79.9877,9,12,-5,0,54,15.6,60.1
20120913_051151.jpg,684,2012,37.2979,-79.9877,9,13,-5,0,54,17.8,64
20120914_104145.jpg,684,2012,37.2979,-79.9877,9,14,-5,4,54,12.8,55
20120915_121148.jpg,684,2012,37.2979,-79.9877,9,15,-5,4,54,17.2,63
20120916_054149.jpg,684,2012,37.2979,-79.9877,9,16,-5,0,54,18.9,66
20120917_081144.jpg,684,2012,37.2979,-79.9877,9,17,-5,0,54,16.7,62.1
20120918_074155.jpg,684,2012,37.2979,-79.9877,9,18,-5,1,54,19.4,66.9
20120919_054150.jpg,684,2012,37.2979,-79.9877,9,19,-5,0,54,16.7,62.1
20120920_051145.jpg,684,2012,37.2979,-79.9877,9,20,-5,0,28,16,60.8
20120921_054153.jpg,684,2012,37.2979,-79.9877,9,21,-5,0,54,15,59
20120922_084150.jpg,684,2012,37.2979,-79.9877,9,22,-5,2,54,16.7,62.1
20120923_081154.jpg,684,2012,37.2979,-79.9877,9,23,-5,0,54,17.8,64
20120924_074143.jpg,684,2012,37.2979,-79.9877,9,24,-5,1,54,8.3,46.9
20120925_064153.jpg,684,2012,37.2979,-79.9877,9,25,-5,0,54,10,50
20120926_084147.jpg,684,2012,37.2979,-79.9877,9,26,-5,2,54,13.3,55.9
20120927_064150.jpg,684,2012,37.2979,-79.9877,9,27,-5,0,54,18.3,64.9
20120928_071147.jpg,684,2012,37.2979,-79.9877,9,28,-5,0,54,18.9,66
20120929_111153.jpg,684,2012,37.2979,-79.9877,9,29,-5,4,40,19,66.2
20120930_074143.jpg,684,2012,37.2979,-79.9877,9,30,-5,1,54,12.8,55
20121001_054150.jpg,684,2012,37.2979,-79.9877,10,1,-5,0,54,14.4,57.9
20121002_084147.jpg,684,2012,37.2979,-79.9877,10,2,-5,2,54,14,57.2
20121003_151148.jpg,684,2012,37.2979,-79.9877,10,3,-5,10,17,19,66.2
20121004_121153.jpg,684,2012,37.2979,-79.9877,10,4,-5,4,54,19.4,66.9
20121005_091150.jpg,684,2012,37.2979,-79.9877,10,5,-5,1,54,13.9,57
20121006_091150.jpg,684,2012,37.2979,-79.9877,10,6,-5,1,54,15.6,60.1
20121007_051143.jpg,684,2012,37.2979,-79.9877,10,7,-5,0,54,12.2,54
20121008_074149.jpg,684,2012,37.2979,-79.9877,10,8,-5,1,54,5,41
20121009_081149.jpg,684,2012,37.2979,-79.9877,10,9,-5,0,54,7.2,45
20121010_061150.jpg,684,2012,37.2979,-79.9877,10,10,-5,0,54,9.4,48.9
20121011_051156.jpg,684,2012,37.2979,-79.9877,10,11,-5,0,54,10.6,51.1
20121012_071151.jpg,684,2012,37.2979,-79.9877,10,12,-5,0,54,8.9,48
20121013_054151.jpg,684,2012,37.2979,-79.9877,10,13,-5,0,54,9.4,48.9
20121014_061150.jpg,684,2012,37.2979,-79.9877,10,14,-5,0,54,7.8,46
20121015_091143.jpg,684,2012,37.2979,-79.9877,10,15,-5,1,54,16.1,61
20121016_134151.jpg,684,2012,37.2979,-79.9877,10,16,-5,7,54,11,51.8
20121017_054150.jpg,684,2012,37.2979,-79.9877,10,17,-5,0,54,7.8,46
20121018_091145.jpg,684,2012,37.2979,-79.9877,10,18,-5,1,54,11.1,52
20121019_114152.jpg,684,2012,37.2979,-79.9877,10,19,-5,5,54,12.8,55
20121020_051146.jpg,684,2012,37.2979,-79.9877,10,20,-5,0,54,12.8,55
20121021_074146.jpg,684,2012,37.2979,-79.9877,10,21,-5,1,54,7.8,46
20121022_101151.jpg,684,2012,37.2979,-79.9877,10,22,-5,2,54,6.7,44.1
20121023_104156.jpg,684,2012,37.2979,-79.9877,10,23,-5,4,54,10,50
20121024_114145.jpg,684,2012,37.2979,-79.9877,10,24,-5,5,54,14.4,57.9
20121025_101156.jpg,684,2012,37.2979,-79.9877,10,25,-5,2,54,13.3,55.9
20121026_094147.jpg,684,2012,37.2979,-79.9877,10,26,-5,3,54,11.1,52
20121027_051148.jpg,684,2012,37.2979,-79.9877,10,27,-5,0,19,14,57.2
20121028_064148.jpg,684,2012,37.2979,-79.9877,10,28,-5,0,54,15.6,60.1
20121029_061152.jpg,684,2012,37.2979,-79.9877,10,29,-5,0,54,7.8,46
20121030_051155.jpg,684,2012,37.2979,-79.9877,10,30,-5,0,54,6.1,43
20121031_054154.jpg,684,2012,37.2979,-79.9877,10,31,-5,0,54,6.1,43
20121101_134145.jpg,684,2012,37.2979,-79.9877,11,1,-5,7,54,6.7,44.1
20121102_121144.jpg,684,2012,37.2979,-79.9877,11,2,-5,4,54,7.8,46
20121103_084151.jpg,684,2012,37.2979,-79.9877,11,3,-5,2,54,4.4,39.9
20121104_074145.jpg,684,2012,37.2979,-79.9877,11,4,-5,1,54,6.7,44.1
20121105_091150.jpg,684,2012,37.2979,-79.9877,11,5,-5,1,54,3.9,39
20121106_074143.jpg,684,2012,37.2979,-79.9877,11,6,-5,1,54,0.6,33.1
20121107_051148.jpg,684,2012,37.2979,-79.9877,11,7,-5,0,54,2.2,36
20121108_051154.jpg,684,2012,37.2979,-79.9877,11,8,-5,0,54,4.4,39.9
20121109_054149.jpg,684,2012,37.2979,-79.9877,11,9,-5,0,54,3.3,37.9
20121110_084149.jpg,684,2012,37.2979,-79.9877,11,10,-5,2,54,5,41
20121111_161147.jpg,684,2012,37.2979,-79.9877,11,11,-5,8,54,8.9,48
20121112_081148.jpg,684,2012,37.2979,-79.9877,11,12,-5,0,54,16,60.8
20121113_064148.jpg,684,2012,37.2979,-79.9877,11,13,-5,0,54,9.4,48.9
20121114_071150.jpg,684,2012,37.2979,-79.9877,11,14,-5,0,54,1.1,34
20121115_071156.jpg,684,2012,37.2979,-79.9877,11,15,-5,0,54,1.1,34
20121116_114156.jpg,684,2012,37.2979,-79.9877,11,16,-5,5,54,-1.7,28.9
20121117_084152.jpg,684,2012,37.2979,-79.9877,11,17,-5,2,54,-1.1,30
20121118_094150.jpg,684,2012,37.2979,-79.9877,11,18,-5,3,54,5.6,42.1
20121119_054149.jpg,684,2012,37.2979,-79.9877,11,19,-5,0,54,7.8,46
20121120_071146.jpg,684,2012,37.2979,-79.9877,11,20,-5,0,54,3.9,39
20121121_084144.jpg,684,2012,37.2979,-79.9877,11,21,-5,2,54,1.1,34
20121122_164152.jpg,684,2012,37.2979,-79.9877,11,22,-5,10,54,10,50
20121123_051143.jpg,684,2012,37.2979,-79.9877,11,23,-5,0,54,3.3,37.9
20121124_091148.jpg,684,2012,37.2979,-79.9877,11,24,-5,1,54,5,41
20121125_094157.jpg,684,2012,37.2979,-79.9877,11,25,-5,3,54,-2.2,28
20121126_101150.jpg,684,2012,37.2979,-79.9877,11,26,-5,2,54,5.6,42.1
20121127_061149.jpg,684,2012,37.2979,-79.9877,11,27,-5,0,54,9.4,48.9
20121128_064154.jpg,684,2012,37.2979,-79.9877,11,28,-5,0,54,3.9,39
20121129_101156.jpg,684,2012,37.2979,-79.9877,11,29,-5,2,54,-1.7,28.9
20121130_071153.jpg,684,2012,37.2979,-79.9877,11,30,-5,0,54,0,32
20121201_091148.jpg,684,2012,37.2979,-79.9877,12,1,-5,1,54,2.2,36
20121202_091153.jpg,684,2012,37.2979,-79.9877,12,2,-5,1,54,6.7,44.1
20121203_104147.jpg,684,2012,37.2979,-79.9877,12,3,-5,4,54,15,59
20121204_061159.jpg,684,2012,37.2979,-79.9877,12,4,-5,0,54,9.4,48.9
20121205_081145.jpg,684,2012,37.2979,-79.9877,12,5,-5,0,54,15.6,60.1
20121206_064146.jpg,684,2012,37.2979,-79.9877,12,6,-5,0,54,3.3,37.9
20121207_074151.jpg,684,2012,37.2979,-79.9877,12,7,-5,1,54,6.1,43
20121208_111151.jpg,684,2012,37.2979,-79.9877,12,8,-5,4,33,4,39.2
20121209_124156.jpg,684,2012,37.2979,-79.9877,12,9,-5,6,54,7.8,46
20121210_061147.jpg,684,2012,37.2979,-79.9877,12,10,-5,0,54,11.1,52
20121211_064148.jpg,684,2012,37.2979,-79.9877,12,11,-5,0,54,8.3,46.9
20121212_141152.jpg,684,2012,37.2979,-79.9877,12,12,-5,6,54,2,35.6
20121213_131153.jpg,684,2012,37.2979,-79.9877,12,13,-5,5,54,0,32
20121214_064149.jpg,684,2012,37.2979,-79.9877,12,14,-5,0,54,-2.8,27
20121215_084146.jpg,684,2012,37.2979,-79.9877,12,15,-5,2,54,2.8,37
20121216_091156.jpg,684,2012,37.2979,-79.9877,12,16,-5,1,54,6.7,44.1
20121217_054151.jpg,684,2012,37.2979,-79.9877,12,17,-5,0,54,10.6,51.1
20121218_154152.jpg,684,2012,37.2979,-79.9877,12,18,-5,9,54,10.6,51.1
20121219_151151.jpg,684,2012,37.2979,-79.9877,12,19,-5,7,54,10.6,51.1
20121220_104151.jpg,684,2012,37.2979,-79.9877,12,20,-5,4,54,5,41
20121221_071150.jpg,684,2012,37.2979,-79.9877,12,21,-5,0,54,7.2,45
20121222_091151.jpg,684,2012,37.2979,-79.9877,12,22,-5,1,54,1.1,34
20121223_051150.jpg,684,2012,37.2979,-79.9877,12,23,-5,0,54,1.1,34
20121224_121150.jpg,684,2012,37.2979,-79.9877,12,24,-5,7,10,6,42.8
20121225_054148.jpg,684,2012,37.2979,-79.9877,12,25,-5,0,54,3.9,39
20121226_064147.jpg,684,2012,37.2979,-79.9877,12,26,-5,0,54,5,41
20121227_074159.jpg,684,2012,37.2979,-79.9877,12,27,-5,1,54,3.9,39
20121228_124154.jpg,684,2012,37.2979,-79.9877,12,28,-5,6,54,-2.2,28
20121229_054146.jpg,684,2012,37.2979,-79.9877,12,29,-5,3,7,1,33.8
20121230_084152.jpg,684,2012,37.2979,-79.9877,12,30,-5,2,54,1.7,35.1
20121231_164147.jpg,684,2012,37.2979,-79.9877,12,31,-5,10,54,3.3,37.9
20130101_111153.jpg,684,2013,37.2979,-79.9877,1,1,-5,3,54,7.2,45
20130102_124150.jpg,684,2013,37.2979,-79.9877,1,2,-5,10,7,4,39.2
20130103_174154.jpg,684,2013,37.2979,-79.9877,1,3,-5,11,54,4.4,39.9
20130104_051145.jpg,684,2013,37.2979,-79.9877,1,4,-5,0,54,2.2,36
20130105_101148.jpg,684,2013,37.2979,-79.9877,1,5,-5,2,54,0.6,33.1
20130106_074146.jpg,684,2013,37.2979,-79.9877,1,6,-5,1,54,5.6,42.1
20130107_104151.jpg,684,2013,37.2979,-79.9877,1,7,-5,4,54,2.8,37
20130108_174149.jpg,684,2013,37.2979,-79.9877,1,8,-5,11,54,8.9,48
20130109_061152.jpg,684,2013,37.2979,-79.9877,1,9,-5,0,54,1.7,35.1
20130110_171145.jpg,684,2013,37.2979,-79.9877,1,10,-5,9,54,8.9,48
20130111_071154.jpg,684,2013,37.2979,-79.9877,1,11,-5,0,54,8.3,46.9
20130112_111149.jpg,684,2013,37.2979,-79.9877,1,12,-5,4,41,6,42.8
20130113_054159.jpg,684,2013,37.2979,-79.9877,1,13,-5,0,45,14,57.2
20130114_081151.jpg,684,2013,37.2979,-79.9877,1,14,-5,0,54,18.9,66
20130115_061151.jpg,684,2013,37.2979,-79.9877,1,15,-5,0,38,8,46.4
20130116_094147.jpg,684,2013,37.2979,-79.9877,1,16,-5,3,54,3.3,37.9
20130117_111148.jpg,684,2013,37.2979,-79.9877,1,17,-5,3,54,8.3,46.9
20130118_084152.jpg,684,2013,37.2979,-79.9877,1,18,-5,2,54,0.6,33.1
20130119_054156.jpg,684,2013,37.2979,-79.9877,1,19,-5,0,54,-1.7,28.9
20130120_061158.jpg,684,2013,37.2979,-79.9877,1,20,-5,0,54,4.4,39.9
20130121_061153.jpg,684,2013,37.2979,-79.9877,1,21,-5,0,54,3.9,39
20130122_094145.jpg,684,2013,37.2979,-79.9877,1,22,-5,3,54,-5,23
20130123_064146.jpg,684,2013,37.2979,-79.9877,1,23,-5,0,54,-6.1,21
20130124_064146.jpg,684,2013,37.2979,-79.9877,1,24,-5,0,54,-0.6,30.9
20130125_081149.jpg,684,2013,37.2979,-79.9877,1,25,-5,0,54,-6.7,19.9
20130126_081154.jpg,684,2013,37.2979,-79.9877,1,26,-5,0,54,-4.4,24.1
20130127_054146.jpg,684,2013,37.2979,-79.9877,1,27,-5,0,54,-2.8,27
20130128_051145.jpg,684,2013,37.2979,-79.9877,1,28,-5,0,54,1.1,34
20130129_054146.jpg,684,2013,37.2979,-79.9877,1,29,-5,0,54,13.3,55.9
20130130_054148.jpg,684,2013,37.2979,-79.9877,1,30,-5,0,54,13.3,55.9
20130131_054152.jpg,684,2013,37.2979,-79.9877,1,31,-5,0,54,10.6,51.1
20130201_111146.jpg,684,2013,37.2979,-79.9877,2,1,-5,3,54,2.8,37
20130202_061159.jpg,684,2013,37.2979,-79.9877,2,2,-5,0,54,-7.2,19
20130203_051147.jpg,684,2013,37.2979,-79.9877,2,3,-5,0,54,0,32
20130204_184146.jpg,684,2013,37.2979,-79.9877,2,4,-5,12,54,2.2,36
20130205_091145.jpg,684,2013,37.2979,-79.9877,2,5,-5,1,54,0.6,33.1
20130206_084145.jpg,684,2013,37.2979,-79.9877,2,6,-5,2,54,6.1,43
20130207_091150.jpg,684,2013,37.2979,-79.9877,2,7,-5,1,54,0,32
20130208_091155.jpg,684,2013,37.2979,-79.9877,2,8,-5,3,27,1,33.8
20130209_061152.jpg,684,2013,37.2979,-79.9877,2,9,-5,0,54,2.2,36
20130210_064152.jpg,684,2013,37.2979,-79.9877,2,10,-5,0,54,-1.1,30
20130211_074147.jpg,684,2013,37.2979,-79.9877,2,11,-5,1,54,3.3,37.9
20130212_061146.jpg,684,2013,37.2979,-79.9877,2,12,-5,0,54,10,50
20130213_061155.jpg,684,2013,37.2979,-79.9877,2,13,-5,0,54,7.2,45
20130214_121155.jpg,684,2013,37.2979,-79.9877,2,14,-5,4,54,1.7,35.1
20130215_094149.jpg,684,2013,37.2979,-79.9877,2,15,-5,3,54,2.8,37
20130216_171153.jpg,684,2013,37.2979,-79.9877,2,16,-5,9,54,3.3,37.9
20130217_064154.jpg,684,2013,37.2979,-79.9877,2,17,-5,0,54,-3.3,26.1
20130218_071155.jpg,684,2013,37.2979,-79.9877,2,18,-5,0,54,-2.8,27
20130219_084158.jpg,684,2013,37.2979,-79.9877,2,19,-5,2,54,3.9,39
20130220_084150.jpg,684,2013,37.2979,-79.9877,2,20,-5,2,54,1.1,34
20130221_091153.jpg,684,2013,37.2979,-79.9877,2,21,-5,1,54,-1.7,28.9
20130222_074145.jpg,684,2013,37.2979,-79.9877,2,22,-5,1,54,3.3,37.9
20130223_154152.jpg,684,2013,37.2979,-79.9877,2,23,-5,9,54,3.3,37.9
20130224_051158.jpg,684,2013,37.2979,-79.9877,2,24,-5,0,54,6.7,44.1
20130225_051153.jpg,684,2013,37.2979,-79.9877,2,25,-5,0,54,2.8,37
20130226_111150.jpg,684,2013,37.2979,-79.9877,2,26,-5,3,54,1.7,35.1
20130227_124153.jpg,684,2013,37.2979,-79.9877,2,27,-5,6,54,5.6,42.1
20130228_051150.jpg,684,2013,37.2979,-79.9877,2,28,-5,0,54,4,39.2
20130301_091148.jpg,684,2013,37.2979,-79.9877,3,1,-5,1,54,3.3,37.9
20130302_101147.jpg,684,2013,37.2979,-79.9877,3,2,-5,2,54,1.7,35.1
20130303_161153.jpg,684,2013,37.2979,-79.9877,3,3,-5,8,54,0,32
20130304_131147.jpg,684,2013,37.2979,-79.9877,3,4,-5,5,54,-3.3,26.1
20130305_084146.jpg,684,2013,37.2979,-79.9877,3,5,-5,2,54,2.2,36
20130306_064159.jpg,684,2013,37.2979,-79.9877,3,6,-5,0,54,0.6,33.1
20130307_051151.jpg,684,2013,37.2979,-79.9877,3,7,-5,0,54,3.3,37.9
20130308_061144.jpg,684,2013,37.2979,-79.9877,3,8,-5,0,54,3.9,39
20130309_074149.jpg,684,2013,37.2979,-79.9877,3,9,-5,1,54,1.7,35.1
20130310_054151.jpg,684,2013,37.2979,-79.9877,3,10,-5,0,54,3.3,37.9
20130311_061150.jpg,684,2013,37.2979,-79.9877,3,11,-5,0,54,11,51.8
20130312_064144.jpg,684,2013,37.2979,-79.9877,3,12,-5,0,54,13.3,55.9
20130313_104151.jpg,684,2013,37.2979,-79.9877,3,13,-5,4,54,5.6,42.1
20130314_124152.jpg,684,2013,37.2979,-79.9877,3,14,-5,6,54,-1.7,28.9
20130315_061154.jpg,684,2013,37.2979,-79.9877,3,15,-5,0,54,4.4,39.9
20130316_104159.jpg,684,2013,37.2979,-79.9877,3,16,-5,4,54,7.8,46
20130317_111201.jpg,684,2013,37.2979,-79.9877,3,17,-5,3,54,12.8,55
20130318_064154.jpg,684,2013,37.2979,-79.9877,3,18,-5,0,54,2.2,36
20130319_071153.jpg,684,2013,37.2979,-79.9877,3,19,-5,0,54,1.7,35.1
20130320_101146.jpg,684,2013,37.2979,-79.9877,3,20,-5,2,54,4.4,39.9
20130321_084154.jpg,684,2013,37.2979,-79.9877,3,21,-5,2,54,1.7,35.1
20130322_054152.jpg,684,2013,37.2979,-79.9877,3,22,-5,0,54,-3.9,25
20130323_091158.jpg,684,2013,37.2979,-79.9877,3,23,-5,1,54,1.1,34
20130324_091157.jpg,684,2013,37.2979,-79.9877,3,24,-5,1,54,2.8,37
20130325_054151.jpg,684,2013,37.2979,-79.9877,3,25,-5,0,54,0,32
20130326_064149.jpg,684,2013,37.2979,-79.9877,3,26,-5,0,54,2.8,37
20130327_094151.jpg,684,2013,37.2979,-79.9877,3,27,-5,3,54,1.7,35.1
20130328_094156.jpg,684,2013,37.2979,-79.9877,3,28,-5,3,54,2.8,37
20130329_061157.jpg,684,2013,37.2979,-79.9877,3,29,-5,0,54,2.8,37
20130330_051155.jpg,684,2013,37.2979,-79.9877,3,30,-5,0,54,5.6,42.1
20130331_114152.jpg,684,2013,37.2979,-79.9877,3,31,-5,5,54,7.2,45
20130401_054152.jpg,684,2013,37.2979,-79.9877,4,1,-5,0,54,11.7,53.1
20130402_051151.jpg,684,2013,37.2979,-79.9877,4,2,-5,0,54,5,41
20130403_101155.jpg,684,2013,37.2979,-79.9877,4,3,-5,2,54,2.8,37
20130404_101148.jpg,684,2013,37.2979,-79.9877,4,4,-5,2,54,3.3,37.9
20130405_051148.jpg,684,2013,37.2979,-79.9877,4,5,-5,1,22,1,33.8
20130406_071147.jpg,684,2013,37.2979,-79.9877,4,6,-5,0,54,7.2,45
20130407_094148.jpg,684,2013,37.2979,-79.9877,4,7,-5,3,54,7.8,46
20130408_054146.jpg,684,2013,37.2979,-79.9877,4,8,-5,0,54,15.6,60.1
20130409_081149.jpg,684,2013,37.2979,-79.9877,4,9,-5,0,54,19.4,66.9
20130410_111154.jpg,684,2013,37.2979,-79.9877,4,10,-5,3,54,21.1,70
20130411_064151.jpg,684,2013,37.2979,-79.9877,4,11,-5,0,54,23.3,73.9
20130412_051150.jpg,684,2013,37.2979,-79.9877,4,12,-5,0,21,23,73.4
20130413_074154.jpg,684,2013,37.2979,-79.9877,4,13,-5,1,54,12.8,55
20130414_111155.jpg,684,2013,37.2979,-79.9877,4,14,-5,3,54,12.2,54
20130415_104151.jpg,684,2013,37.2979,-79.9877,4,15,-5,4,54,12.2,54
20130416_054148.jpg,684,2013,37.2979,-79.9877,4,16,-5,0,54,13.9,57
20130417_101151.jpg,684,2013,37.2979,-79.9877,4,17,-5,2,54,17.2,63
20130418_121152.jpg,684,2013,37.2979,-79.9877,4,18,-5,4,54,16.7,62.1
20130419_051157.jpg,684,2013,37.2979,-79.9877,4,19,-5,3,8,19,66.2
20130420_051150.jpg,684,2013,37.2979,-79.9877,4,20,-5,0,54,9.4,48.9
20130421_111154.jpg,684,2013,37.2979,-79.9877,4,21,-5,3,54,5,41
20130422_064148.jpg,684,2013,37.2979,-79.9877,4,22,-5,0,54,6.1,43
20130423_064156.jpg,684,2013,37.2979,-79.9877,4,23,-5,0,54,9.4,48.9
20130424_114152.jpg,684,2013,37.2979,-79.9877,4,24,-5,5,54,8.3,46.9
20130425_054144.jpg,684,2013,37.2979,-79.9877,4,25,-5,0,54,11.1,52
20130426_071146.jpg,684,2013,37.2979,-79.9877,4,26,-5,0,54,12.2,54
20130427_051147.jpg,684,2013,37.2979,-79.9877,4,27,-5,0,54,12.2,54
20130428_051236.jpg,684,2013,37.2979,-79.9877,4,28,-5,0,54,13.9,57
20130429_104149.jpg,684,2013,37.2979,-79.9877,4,29,-5,4,54,11.1,52
20130430_131144.jpg,684,2013,37.2979,-79.9877,4,30,-5,5,54,14.4,57.9
20130501_074147.jpg,684,2013,37.2979,-79.9877,5,1,-5,1,54,14.4,57.9
20130502_064155.jpg,684,2013,37.2979,-79.9877,5,2,-5,0,54,14.4,57.9
20130503_074153.jpg,684,2013,37.2979,-79.9877,5,3,-5,1,54,11.1,52
20130504_081148.jpg,684,2013,37.2979,-79.9877,5,4,-5,1,38,11,51.8
20130505_084150.jpg,684,2013,37.2979,-79.9877,5,5,-5,2,54,11.7,53.1
20130506_084150.jpg,684,2013,37.2979,-79.9877,5,6,-5,2,54,12.2,54
20130507_144201.jpg,684,2013,37.2979,-79.9877,5,7,-5,8,54,13.9,57
20130508_071153.jpg,684,2013,37.2979,-79.9877,5,8,-5,0,54,10.6,51.1
20130509_051157.jpg,684,2013,37.2979,-79.9877,5,9,-5,0,54,12.2,54
20130510_071154.jpg,684,2013,37.2979,-79.9877,5,10,-5,0,54,16.1,61
20130511_084150.jpg,684,2013,37.2979,-79.9877,5,11,-5,2,54,16.7,62.1
20130512_061153.jpg,684,2013,37.2979,-79.9877,5,12,-5,0,54,16.1,61
20130513_091147.jpg,684,2013,37.2979,-79.9877,5,13,-5,1,54,7.2,45
20130514_111151.jpg,684,2013,37.2979,-79.9877,5,14,-5,3,54,4.4,39.9
20130515_071155.jpg,684,2013,37.2979,-79.9877,5,15,-5,0,54,13.3,55.9
20130516_104143.jpg,684,2013,37.2979,-79.9877,5,16,-5,4,54,21.1,70
20130517_074151.jpg,684,2013,37.2979,-79.9877,5,17,-5,1,54,20,68
20130518_064154.jpg,684,2013,37.2979,-79.9877,5,18,-5,0,54,18.3,64.9
20130519_134155.jpg,684,2013,37.2979,-79.9877,5,19,-5,7,54,17,62.6
20130520_064157.jpg,684,2013,37.2979,-79.9877,5,20,-5,0,54,18.9,66
20130521_051149.jpg,684,2013,37.2979,-79.9877,5,21,-5,0,54,19.4,66.9
20130522_061147.jpg,684,2013,37.2979,-79.9877,5,22,-5,0,54,23.3,73.9
20130523_074143.jpg,684,2013,37.2979,-79.9877,5,23,-5,1,54,18.9,66
20130524_114159.jpg,684,2013,37.2979,-79.9877,5,24,-5,5,54,17.2,63
20130525_051148.jpg,684,2013,37.2979,-79.9877,5,25,-5,0,54,10.6,51.1
20130526_051151.jpg,684,2013,37.2979,-79.9877,5,26,-5,0,54,10.6,51.1
20130527_054143.jpg,684,2013,37.2979,-79.9877,5,27,-5,0,54,13.9,57
20130528_194149.jpg,684,2013,37.2979,-79.9877,5,28,-5,13,54,29.4,84.9
20130529_051158.jpg,684,2013,37.2979,-79.9877,5,29,-5,0,54,21.1,70
20130530_074154.jpg,684,2013,37.2979,-79.9877,5,30,-5,1,54,21.1,70
20130531_014159.jpg,684,2013,37.2979,-79.9877,5,31,-5,19,54,27.2,81
20130604_154149.jpg,684,2013,37.2979,-79.9877,6,4,-5,9,54,21.1,70
20130605_051147.jpg,684,2013,37.2979,-79.9877,6,5,-5,0,54,19.4,66.9
20130606_064144.jpg,684,2013,37.2979,-79.9877,6,6,-5,0,54,18.9,66
20130607_071143.jpg,684,2013,37.2979,-79.9877,6,7,-5,2,1,18,64.4
20130608_054152.jpg,684,2013,37.2979,-79.9877,6,8,-5,0,54,18.3,64.9
20130609_054148.jpg,684,2013,37.2979,-79.9877,6,9,-5,0,54,20,68
20130610_111147.jpg,684,2013,37.2979,-79.9877,6,10,-5,3,51,21,69.8
20130611_061157.jpg,684,2013,37.2979,-79.9877,6,11,-5,0,54,18.9,66
20130612_091152.jpg,684,2013,37.2979,-79.9877,6,12,-5,1,54,21.7,71.1
20130613_061146.jpg,684,2013,37.2979,-79.9877,6,13,-5,0,54,25,77
20130614_061152.jpg,684,2013,37.2979,-79.9877,6,14,-5,0,54,19.4,66.9
20130615_074152.jpg,684,2013,37.2979,-79.9877,6,15,-5,1,54,15.6,60.1
20130616_131155.jpg,684,2013,37.2979,-79.9877,6,16,-5,5,54,17.2,63
20130617_141155.jpg,684,2013,37.2979,-79.9877,6,17,-5,6,54,19.4,66.9
20130618_091150.jpg,684,2013,37.2979,-79.9877,6,18,-5,1,54,21.1,70
20130619_064226.jpg,684,2013,37.2979,-79.9877,6,19,-5,0,54,17.2,63
20130620_114150.jpg,684,2013,37.2979,-79.9877,6,20,-5,5,54,18.9,66
20130621_094158.jpg,684,2013,37.2979,-79.9877,6,21,-5,3,54,18.3,64.9
20130622_064147.jpg,684,2013,37.2979,-79.9877,6,22,-5,0,54,18.9,66
20130623_101155.jpg,684,2013,37.2979,-79.9877,6,23,-5,2,54,21.7,71.1
20130624_094156.jpg,684,2013,37.2979,-79.9877,6,24,-5,3,54,22.2,72
20130625_091145.jpg,684,2013,37.2979,-79.9877,6,25,-5,1,54,21.7,71.1
20130626_054157.jpg,684,2013,37.2979,-79.9877,6,26,-5,0,54,22.8,73
20130627_064157.jpg,684,2013,37.2979,-79.9877,6,27,-5,0,54,21.1,70
20130628_064146.jpg,684,2013,37.2979,-79.9877,6,28,-5,0,54,22.8,73
20130629_091156.jpg,684,2013,37.2979,-79.9877,6,29,-5,1,54,22.8,73
20130630_101150.jpg,684,2013,37.2979,-79.9877,6,30,-5,2,54,20,68
20130701_101156.jpg,684,2013,37.2979,-79.9877,7,1,-5,2,54,21.1,70
20130702_131147.jpg,684,2013,37.2979,-79.9877,7,2,-5,5,54,22.2,72
20130703_051145.jpg,684,2013,37.2979,-79.9877,7,3,-5,0,54,21.1,70
20130704_101154.jpg,684,2013,37.2979,-79.9877,7,4,-5,2,54,22.2,72
20130705_064148.jpg,684,2013,37.2979,-79.9877,7,5,-5,0,54,22.8,73
20130706_071145.jpg,684,2013,37.2979,-79.9877,7,6,-5,0,54,22.8,73
20130707_064152.jpg,684,2013,37.2979,-79.9877,7,7,-5,0,54,22.8,73
20130708_084151.jpg,684,2013,37.2979,-79.9877,7,8,-5,2,54,20.6,69.1
20130709_091145.jpg,684,2013,37.2979,-79.9877,7,9,-5,1,54,22.2,72
20130710_054202.jpg,684,2013,37.2979,-79.9877,7,10,-5,0,54,24.4,75.9
20130711_081155.jpg,684,2013,37.2979,-79.9877,7,11,-5,1,40,22,71.6
20130712_061153.jpg,684,2013,37.2979,-79.9877,7,12,-5,0,22,21,69.8
20130713_061148.jpg,684,2013,37.2979,-79.9877,7,13,-5,1,19,20,68
20130714_111149.jpg,684,2013,37.2979,-79.9877,7,14,-5,3,54,22.2,72
20130715_051153.jpg,684,2013,37.2979,-79.9877,7,15,-5,0,54,24.4,75.9
20130716_124152.jpg,684,2013,37.2979,-79.9877,7,16,-5,6,54,22.2,72
20130717_064148.jpg,684,2013,37.2979,-79.9877,7,17,-5,0,54,22.8,73
20130718_111154.jpg,684,2013,37.2979,-79.9877,7,18,-5,3,54,22.8,73
20130719_061143.jpg,684,2013,37.2979,-79.9877,7,19,-5,0,54,25.6,78.1
20130720_141156.jpg,684,2013,37.2979,-79.9877,7,20,-5,6,54,23.9,75
20130721_061156.jpg,684,2013,37.2979,-79.9877,7,21,-5,0,54,24.4,75.9
20130722_091145.jpg,684,2013,37.2979,-79.9877,7,22,-5,1,52,24,75.2
20130723_051152.jpg,684,2013,37.2979,-79.9877,7,23,-5,0,54,23.3,73.9
20130724_111148.jpg,684,2013,37.2979,-79.9877,7,24,-5,3,54,22.8,73
20130725_081146.jpg,684,2013,37.2979,-79.9877,7,25,-5,0,54,22.8,73
20130726_054148.jpg,684,2013,37.2979,-79.9877,7,26,-5,0,54,18.9,66
20130727_054148.jpg,684,2013,37.2979,-79.9877,7,27,-5,0,54,22.8,73
20130728_061153.jpg,684,2013,37.2979,-79.9877,7,28,-5,2,27,20,68
20130729_111147.jpg,684,2013,37.2979,-79.9877,7,29,-5,3,54,18.3,64.9
20130730_124206.jpg,684,2013,37.2979,-79.9877,7,30,-5,6,54,15,59
20130731_064155.jpg,684,2013,37.2979,-79.9877,7,31,-5,0,54,20.6,69.1
20130801_091156.jpg,684,2013,37.2979,-79.9877,8,1,-5,1,54,19.4,66.9
20130802_081153.jpg,684,2013,37.2979,-79.9877,8,2,-5,0,54,20.6,69.1
20130803_074156.jpg,684,2013,37.2979,-79.9877,8,3,-5,1,54,18.9,66
20130804_114147.jpg,684,2013,37.2979,-79.9877,8,4,-5,5,54,20.6,69.1
20130805_111151.jpg,684,2013,37.2979,-79.9877,8,5,-5,3,54,18.9,66
20130806_061152.jpg,684,2013,37.2979,-79.9877,8,6,-5,0,54,22.2,72
20130807_114145.jpg,684,2013,37.2979,-79.9877,8,7,-5,5,54,21.7,71.1
20130808_131155.jpg,684,2013,37.2979,-79.9877,8,8,-5,5,54,22.2,72
20130809_124152.jpg,684,2013,37.2979,-79.9877,8,9,-5,6,54,21.7,71.1
20130810_094149.jpg,684,2013,37.2979,-79.9877,8,10,-5,3,54,24.4,75.9
20130811_161153.jpg,684,2013,37.2979,-79.9877,8,11,-5,8,54,23.9,75
20130812_114152.jpg,684,2013,37.2979,-79.9877,8,12,-5,5,54,20.6,69.1
20130813_064147.jpg,684,2013,37.2979,-79.9877,8,13,-5,0,59,22.2,72
20130814_081154.jpg,684,2013,37.2979,-79.9877,8,14,-5,0,54,20.6,69.1
20130815_101158.jpg,684,2013,37.2979,-79.9877,8,15,-5,2,54,14.4,57.9
20130816_134148.jpg,684,2013,37.2979,-79.9877,8,16,-5,7,54,13.3,55.9
20130817_054147.jpg,684,2013,37.2979,-79.9877,8,17,-5,0,54,15.6,60.1
20130818_061152.jpg,684,2013,37.2979,-79.9877,8,18,-5,0,54,17.8,64
20130819_054158.jpg,684,2013,37.2979,-79.9877,8,19,-5,0,54,18.3,64.9
20130820_204149.jpg,684,2013,37.2979,-79.9877,8,20,-5,14,54,27.2,81
20130821_054147.jpg,684,2013,37.2979,-79.9877,8,21,-5,0,54,22.2,72
20130822_051204.jpg,684,2013,37.2979,-79.9877,8,22,-5,0,54,20.6,69.1
20130823_064147.jpg,684,2013,37.2979,-79.9877,8,23,-5,0,54,22.8,73
20130824_091152.jpg,684,2013,37.2979,-79.9877,8,24,-5,1,54,17.2,63
20130825_064150.jpg,684,2013,37.2979,-79.9877,8,25,-5,0,54,16.1,61
20130826_051153.jpg,684,2013,37.2979,-79.9877,8,26,-5,0,54,15.6,60.1
20130827_064155.jpg,684,2013,37.2979,-79.9877,8,27,-5,0,54,18.3,64.9
20130924_151157.jpg,684,2013,37.2979,-79.9877,9,24,-5,7,54,13.3,55.9
20130925_051149.jpg,684,2013,37.2979,-79.9877,9,25,-5,0,54,15,59
20130926_054149.jpg,684,2013,37.2979,-79.9877,9,26,-5,0,54,16.1,61
20130927_054146.jpg,684,2013,37.2979,-79.9877,9,27,-5,0,54,15,59
20130928_111155.jpg,684,2013,37.2979,-79.9877,9,28,-5,3,54,15.6,60.1
20130929_071143.jpg,684,2013,37.2979,-79.9877,9,29,-5,0,54,13.3,55.9
20130930_121146.jpg,684,2013,37.2979,-79.9877,9,30,-5,4,54,12.8,55
20131001_131147.jpg,684,2013,37.2979,-79.9877,10,1,-5,5,54,13.9,57
20131002_084150.jpg,684,2013,37.2979,-79.9877,10,2,-5,2,54,14.4,57.9
20131003_071146.jpg,684,2013,37.2979,-79.9877,10,3,-5,0,54,16.7,62.1
20131004_154145.jpg,684,2013,37.2979,-79.9877,10,4,-5,9,54,21.7,71.1
20131005_051151.jpg,684,2013,37.2979,-79.9877,10,5,-5,0,54,18.3,64.9
20131006_164146.jpg,684,2013,37.2979,-79.9877,10,6,-5,10,54,22.8,73
20131007_131147.jpg,684,2013,37.2979,-79.9877,10,7,-5,6,37,18,64.4
20131008_084151.jpg,684,2013,37.2979,-79.9877,10,8,-5,2,54,10.6,51.1
20131009_054148.jpg,684,2013,37.2979,-79.9877,10,9,-5,0,54,10.6,51.1
20131010_054146.jpg,684,2013,37.2979,-79.9877,10,10,-5,0,54,12.2,54
20131011_064154.jpg,684,2013,37.2979,-79.9877,10,11,-5,0,54,15.6,60.1
20131012_064150.jpg,684,2013,37.2979,-79.9877,10,12,-5,0,54,16.1,61
20131013_124149.jpg,684,2013,37.2979,-79.9877,10,13,-5,6,54,16.1,61
20131014_074151.jpg,684,2013,37.2979,-79.9877,10,14,-5,3,31,15,59
20131015_091146.jpg,684,2013,37.2979,-79.9877,10,15,-5,1,54,13.9,57
20131016_081149.jpg,684,2013,37.2979,-79.9877,10,16,-5,0,54,12.2,54
20131017_061153.jpg,684,2013,37.2979,-79.9877,10,17,-5,0,54,15.6,60.1
20131018_061151.jpg,684,2013,37.2979,-79.9877,10,18,-5,0,54,13.3,55.9
20131019_121154.jpg,684,2013,37.2979,-79.9877,10,19,-5,4,54,8.9,48
20131020_104144.jpg,684,2013,37.2979,-79.9877,10,20,-5,4,54,7.8,46
20131021_071146.jpg,684,2013,37.2979,-79.9877,10,21,-5,0,54,6.1,43
20131022_091149.jpg,684,2013,37.2979,-79.9877,10,22,-5,1,54,9.4,48.9
20131023_111155.jpg,684,2013,37.2979,-79.9877,10,23,-5,3,54,9.4,48.9
20131024_121148.jpg,684,2013,37.2979,-79.9877,10,24,-5,4,54,4.4,39.9
20131025_064152.jpg,684,2013,37.2979,-79.9877,10,25,-5,0,54,1.1,34
20131026_091147.jpg,684,2013,37.2979,-79.9877,10,26,-5,1,54,-0.6,30.9
20131027_121155.jpg,684,2013,37.2979,-79.9877,10,27,-5,4,54,9.4,48.9
20131028_114146.jpg,684,2013,37.2979,-79.9877,10,28,-5,5,54,5.6,42.1
20131029_114142.jpg,684,2013,37.2979,-79.9877,10,29,-5,5,54,12.2,54
20131030_064148.jpg,684,2013,37.2979,-79.9877,10,30,-5,0,54,14.4,57.9
20131031_051149.jpg,684,2013,37.2979,-79.9877,10,31,-5,0,54,17.2,63
20131101_061150.jpg,684,2013,37.2979,-79.9877,11,1,-5,0,54,18.9,66
20131102_111154.jpg,684,2013,37.2979,-79.9877,11,2,-5,3,54,13.3,55.9
20131103_074152.jpg,684,2013,37.2979,-79.9877,11,3,-5,1,54,8.9,48
20131104_074152.jpg,684,2013,37.2979,-79.9877,11,4,-5,1,54,1.1,34
20131105_084144.jpg,684,2013,37.2979,-79.9877,11,5,-5,2,54,3.9,39
20131106_171145.jpg,684,2013,37.2979,-79.9877,11,6,-5,9,54,11.1,52
20131107_094152.jpg,684,2013,37.2979,-79.9877,11,7,-5,3,54,8.3,46.9
20131108_121152.jpg,684,2013,37.2979,-79.9877,11,8,-5,4,54,3.9,39
20131109_094146.jpg,684,2013,37.2979,-79.9877,11,9,-5,1,54,0,32
20131110_061147.jpg,684,2013,37.2979,-79.9877,11,10,-5,0,54,10,50
20131111_054148.jpg,684,2013,37.2979,-79.9877,11,11,-5,0,54,4.4,39.9
20131112_061149.jpg,684,2013,37.2979,-79.9877,11,12,-5,0,54,11.1,52
20131113_081158.jpg,684,2013,37.2979,-79.9877,11,13,-5,0,54,-1.7,28.9
20131114_054149.jpg,684,2013,37.2979,-79.9877,11,14,-5,0,54,0,32
20131115_064148.jpg,684,2013,37.2979,-79.9877,11,15,-5,0,54,3.3,37.9
20131116_074157.jpg,684,2013,37.2979,-79.9877,11,16,-5,1,54,9.4,48.9
20131117_051152.jpg,684,2013,37.2979,-79.9877,11,17,-5,0,54,11.1,52
20131118_061147.jpg,684,2013,37.2979,-79.9877,11,18,-5,1,29,16,60.8
20131119_081153.jpg,684,2013,37.2979,-79.9877,11,19,-5,0,54,7.2,45
20131120_091156.jpg,684,2013,37.2979,-79.9877,11,20,-5,1,54,2.2,36
20131121_051147.jpg,684,2013,37.2979,-79.9877,11,21,-5,0,1,4,39.2
20131122_104155.jpg,684,2013,37.2979,-79.9877,11,22,-5,4,54,7.8,46
20131123_064147.jpg,684,2013,37.2979,-79.9877,11,23,-5,0,54,13.3,55.9
20131124_101146.jpg,684,2013,37.2979,-79.9877,11,24,-5,2,54,-2.8,27
20131125_051154.jpg,684,2013,37.2979,-79.9877,11,25,-5,0,54,-7.2,19
20131126_131143.jpg,684,2013,37.2979,-79.9877,11,26,-5,5,54,-0.6,30.9
20131127_111146.jpg,684,2013,37.2979,-79.9877,11,27,-5,3,54,5.6,42.1
20131128_084155.jpg,684,2013,37.2979,-79.9877,11,28,-5,2,54,-3.3,26.1
20131129_081146.jpg,684,2013,37.2979,-79.9877,11,29,-5,0,54,-2.8,27
20131130_091152.jpg,684,2013,37.2979,-79.9877,11,30,-5,1,54,-2.2,28
20131201_064148.jpg,684,2013,37.2979,-79.9877,12,1,-5,0,54,-3.3,26.1
20131202_051200.jpg,684,2013,37.2979,-79.9877,12,2,-5,0,54,2.8,37
20131203_094154.jpg,684,2013,37.2979,-79.9877,12,3,-5,3,54,3.9,39
20131204_051151.jpg,684,2013,37.2979,-79.9877,12,4,-5,0,54,9.4,48.9
20131205_051203.jpg,684,2013,37.2979,-79.9877,12,5,-5,0,54,11.7,53.1
20131206_081147.jpg,684,2013,37.2979,-79.9877,12,6,-5,0,54,16.1,61
20131207_054147.jpg,684,2013,37.2979,-79.9877,12,7,-5,0,54,7.8,46
20131208_101151.jpg,684,2013,37.2979,-79.9877,12,8,-5,2,54,2.2,36
20131209_061154.jpg,684,2013,37.2979,-79.9877,12,9,-5,0,1,-1,30.2
20131210_094153.jpg,684,2013,37.2979,-79.9877,12,10,-5,3,54,4.4,39.9
20131211_074151.jpg,684,2013,37.2979,-79.9877,12,11,-5,1,54,-1.1,30
20131212_081149.jpg,684,2013,37.2979,-79.9877,12,12,-5,0,54,0.6,33.1
20131213_074149.jpg,684,2013,37.2979,-79.9877,12,13,-5,1,54,-2.2,28
20131214_064150.jpg,684,2013,37.2979,-79.9877,12,14,-5,0,54,2.2,36
20131215_054148.jpg,684,2013,37.2979,-79.9877,12,15,-5,3,5,3,37.4
20131216_201154.jpg,684,2013,37.2979,-79.9877,12,16,-5,12,54,5.6,42.1
20131217_051150.jpg,684,2013,37.2979,-79.9877,12,17,-5,0,54,0.6,33.1
20131218_084152.jpg,684,2013,37.2979,-79.9877,12,18,-5,2,54,1.1,34
20131219_124148.jpg,684,2013,37.2979,-79.9877,12,19,-5,6,54,3.3,37.9
20131220_061155.jpg,684,2013,37.2979,-79.9877,12,20,-5,0,54,7.8,46
20131221_111151.jpg,684,2013,37.2979,-79.9877,12,21,-5,3,54,7.2,45
20131222_054149.jpg,684,2013,37.2979,-79.9877,12,22,-5,3,1,18,64.4
20131223_084157.jpg,684,2013,37.2979,-79.9877,12,23,-5,2,54,14.4,57.9
20131224_091158.jpg,684,2013,37.2979,-79.9877,12,24,-5,1,54,0,32
20131225_054146.jpg,684,2013,37.2979,-79.9877,12,25,-5,0,54,-6.7,19.9
20131226_054155.jpg,684,2013,37.2979,-79.9877,12,26,-5,0,54,-3.9,25
20131227_061153.jpg,684,2013,37.2979,-79.9877,12,27,-5,0,54,-1.7,28.9
20131228_071148.jpg,684,2013,37.2979,-79.9877,12,28,-5,0,54,0,32
20131229_084151.jpg,684,2013,37.2979,-79.9877,12,29,-5,2,54,4.4,39.9
20131230_081203.jpg,684,2013,37.2979,-79.9877,12,30,-5,0,54,7.8,46
20131231_064150.jpg,684,2013,37.2979,-79.9877,12,31,-5,0,54,1.7,35.1
20140101_054157.jpg,684,2014,37.2979,-79.9877,1,1,-5,0,54,0,32
20140102_051149.jpg,684,2014,37.2979,-79.9877,1,2,-5,0,54,-0.6,30.9
20140103_051151.jpg,684,2014,37.2979,-79.9877,1,3,-5,0,54,-2.8,27
20140104_071153.jpg,684,2014,37.2979,-79.9877,1,4,-5,0,54,-8.3,17.1
20140105_061158.jpg,684,2014,37.2979,-79.9877,1,5,-5,0,26,-2,28.4
20140106_051151.jpg,684,2014,37.2979,-79.9877,1,6,-5,0,19,3,37.4
20140108_051153.jpg,684,2014,37.2979,-79.9877,1,8,-5,0,54,-10.6,12.9
20140109_061149.jpg,684,2014,37.2979,-79.9877,1,9,-5,0,54,-0.6,30.9
20140110_114145.jpg,684,2014,37.2979,-79.9877,1,10,-5,5,54,1.1,34
20140111_091201.jpg,684,2014,37.2979,-79.9877,1,11,-5,1,54,3.3,37.9
20140112_101153.jpg,684,2014,37.2979,-79.9877,1,12,-5,2,54,6.1,43
20140113_094143.jpg,684,2014,37.2979,-79.9877,1,13,-5,3,54,-0.6,30.9
20140114_141219.jpg,684,2014,37.2979,-79.9877,1,14,-5,6,54,5.6,42.1
20140115_101159.jpg,684,2014,37.2979,-79.9877,1,15,-5,2,54,1.7,35.1
20140116_054223.jpg,684,2014,37.2979,-79.9877,1,16,-5,0,54,-1.7,28.9
20140117_064221.jpg,684,2014,37.2979,-79.9877,1,17,-5,0,54,-1.1,30
20140118_054146.jpg,684,2014,37.2979,-79.9877,1,18,-5,0,54,-1.7,28.9
20140121_194152.jpg,684,2014,37.2979,-79.9877,1,21,-5,13,54,1.1,34
20140122_094148.jpg,684,2014,37.2979,-79.9877,1,22,-5,3,54,-8.9,16
20140123_061144.jpg,684,2014,37.2979,-79.9877,1,23,-5,0,54,-6.7,19.9
20140124_061158.jpg,684,2014,37.2979,-79.9877,1,24,-5,0,54,-13.3,8.1
20140125_081205.jpg,684,2014,37.2979,-79.9877,1,25,-5,0,54,-7.8,18
20140126_091219.jpg,684,2014,37.2979,-79.9877,1,26,-5,1,54,-4.4,24.1
20140127_034223.jpg,684,2014,37.2979,-79.9877,1,27,-5,21,54,-5.6,21.9
20140128_231151.jpg,684,2014,37.2979,-79.9877,1,28,-5,17,28,-9,15.8
20140129_104157.jpg,684,2014,37.2979,-79.9877,1,29,-5,4,54,-10.6,12.9
20140130_111147.jpg,684,2014,37.2979,-79.9877,1,30,-5,3,54,-12.2,10
20140131_064156.jpg,684,2014,37.2979,-79.9877,1,31,-5,0,54,-6.7,19.9
20140201_091200.jpg,684,2014,37.2979,-79.9877,2,1,-5,1,54,0,32
20140202_061153.jpg,684,2014,37.2979,-79.9877,2,2,-5,0,54,5,41
20140203_051146.jpg,684,2014,37.2979,-79.9877,2,3,-5,4,0,9,48.2
20140204_131148.jpg,684,2014,37.2979,-79.9877,2,4,-5,5,54,0.6,33.1
20140205_051152.jpg,684,2014,37.2979,-79.9877,2,5,-5,0,0,0,32
20140206_071152.jpg,684,2014,37.2979,-79.9877,2,6,-5,0,54,-0.6,30.9
20140207_071148.jpg,684,2014,37.2979,-79.9877,2,7,-5,0,54,-1.1,30
20140208_051149.jpg,684,2014,37.2979,-79.9877,2,8,-5,0,54,-0.6,30.9
20140209_071147.jpg,684,2014,37.2979,-79.9877,2,9,-5,0,54,2.2,36
20140210_101152.jpg,684,2014,37.2979,-79.9877,2,10,-5,2,54,2.2,36
20140211_091154.jpg,684,2014,37.2979,-79.9877,2,11,-5,1,54,-3.3,26.1
20140212_051147.jpg,684,2014,37.2979,-79.9877,2,12,-5,0,54,-3.9,25
20140213_051150.jpg,684,2014,37.2979,-79.9877,2,13,-5,0,7,-6,21.2
20140214_104204.jpg,684,2014,37.2979,-79.9877,2,14,-5,4,54,3.9,39
20140215_064149.jpg,684,2014,37.2979,-79.9877,2,15,-5,0,54,3.3,37.9
20140216_161147.jpg,684,2014,37.2979,-79.9877,2,16,-5,8,54,-3.3,26.1
20140217_124151.jpg,684,2014,37.2979,-79.9877,2,17,-5,6,54,-4.4,24.1
20140218_061150.jpg,684,2014,37.2979,-79.9877,2,18,-5,0,54,0.6,33.1
20140219_061144.jpg,684,2014,37.2979,-79.9877,2,19,-5,0,54,2.2,36
20140220_151153.jpg,684,2014,37.2979,-79.9877,2,20,-5,7,54,2.8,37
20140221_131146.jpg,684,2014,37.2979,-79.9877,2,21,-5,5,54,11.1,52
20140222_191146.jpg,684,2014,37.2979,-79.9877,2,22,-5,11,54,13.3,55.9
20140223_114143.jpg,684,2014,37.2979,-79.9877,2,23,-5,5,54,2.8,37
20140224_051152.jpg,684,2014,37.2979,-79.9877,2,24,-5,0,54,6.7,44.1
20140225_051144.jpg,684,2014,37.2979,-79.9877,2,25,-5,0,54,1.7,35.1
20140226_114153.jpg,684,2014,37.2979,-79.9877,2,26,-5,5,54,0.6,33.1
20140227_171156.jpg,684,2014,37.2979,-79.9877,2,27,-5,9,54,-0.6,30.9
20140228_191151.jpg,684,2014,37.2979,-79.9877,2,28,-5,11,54,-2.2,28
20140301_081148.jpg,684,2014,37.2979,-79.9877,3,1,-5,0,54,-3.9,25
20140302_081154.jpg,684,2014,37.2979,-79.9877,3,2,-5,0,54,3.9,39
20140303_064159.jpg,684,2014,37.2979,-79.9877,3,3,-5,0,54,11.1,52
20140304_064153.jpg,684,2014,37.2979,-79.9877,3,4,-5,0,54,-8.3,17.1
20140305_114147.jpg,684,2014,37.2979,-79.9877,3,5,-5,5,54,-3.9,25
20140306_051146.jpg,684,2014,37.2979,-79.9877,3,6,-5,0,54,0.6,33.1
20140307_091153.jpg,684,2014,37.2979,-79.9877,3,7,-5,1,54,-1.1,30
20140308_074146.jpg,684,2014,37.2979,-79.9877,3,8,-5,1,54,0.6,33.1
20140309_114155.jpg,684,2014,37.2979,-79.9877,3,9,-5,5,54,10.6,51.1
20140310_061148.jpg,684,2014,37.2979,-79.9877,3,10,-5,0,54,6.7,44.1
20140311_061146.jpg,684,2014,37.2979,-79.9877,3,11,-5,0,54,14,57.2
20140312_081147.jpg,684,2014,37.2979,-79.9877,3,12,-5,0,54,13,55.4
20140313_064159.jpg,684,2014,37.2979,-79.9877,3,13,-5,0,54,1.1,34
20140314_051151.jpg,684,2014,37.2979,-79.9877,3,14,-5,0,54,0,32
20140315_054148.jpg,684,2014,37.2979,-79.9877,3,15,-5,0,54,11.1,52
20140316_054150.jpg,684,2014,37.2979,-79.9877,3,16,-5,0,54,8.9,48
20140317_081148.jpg,684,2014,37.2979,-79.9877,3,17,-5,0,54,0,32
20140318_104149.jpg,684,2014,37.2979,-79.9877,3,18,-5,4,54,-1.1,30
20140319_061148.jpg,684,2014,37.2979,-79.9877,3,19,-5,0,54,1.1,34
20140320_054154.jpg,684,2014,37.2979,-79.9877,3,20,-5,0,54,3.9,39
20140321_054155.jpg,684,2014,37.2979,-79.9877,3,21,-5,0,54,6.1,43
20140322_111149.jpg,684,2014,37.2979,-79.9877,3,22,-5,3,54,12.2,54
20140323_054151.jpg,684,2014,37.2979,-79.9877,3,23,-5,0,54,11.7,53.1
20140324_081146.jpg,684,2014,37.2979,-79.9877,3,24,-5,0,54,0.6,33.1
20140325_051144.jpg,684,2014,37.2979,-79.9877,3,25,-5,0,54,2.2,36
20140326_134142.jpg,684,2014,37.2979,-79.9877,3,26,-5,7,54,-3.3,26.1
20140327_181154.jpg,684,2014,37.2979,-79.9877,3,27,-5,10,54,3.3,37.9
20140328_161151.jpg,684,2014,37.2979,-79.9877,3,28,-5,8,54,11.1,52
20140329_111155.jpg,684,2014,37.2979,-79.9877,3,29,-5,5,26,10,50
20140331_164148.jpg,684,2014,37.2979,-79.9877,3,31,-5,10,54,11.7,53.1
20140401_084149.jpg,684,2014,37.2979,-79.9877,4,1,-5,2,54,8.9,48
20140402_051144.jpg,684,2014,37.2979,-79.9877,4,2,-5,0,54,16.1,61
20140403_074149.jpg,684,2014,37.2979,-79.9877,4,3,-5,1,54,15.6,60.1
20140404_074147.jpg,684,2014,37.2979,-79.9877,4,4,-5,1,54,14.4,57.9
20140405_121145.jpg,684,2014,37.2979,-79.9877,4,5,-5,4,54,10,50
20140406_131144.jpg,684,2014,37.2979,-79.9877,4,6,-5,5,54,1.7,35.1
20140407_134145.jpg,684,2014,37.2979,-79.9877,4,7,-5,7,54,6.7,44.1
20140408_064147.jpg,684,2014,37.2979,-79.9877,4,8,-5,0,54,8.9,48
20140409_051151.jpg,684,2014,37.2979,-79.9877,4,9,-5,0,54,8.9,48
20140410_091150.jpg,684,2014,37.2979,-79.9877,4,10,-5,1,54,7.8,46
20140411_124148.jpg,684,2014,37.2979,-79.9877,4,11,-5,6,54,13.9,57
20140412_071153.jpg,684,2014,37.2979,-79.9877,4,12,-5,0,54,13.3,55.9
20140413_071146.jpg,684,2014,37.2979,-79.9877,4,13,-5,0,54,17.8,64
20140414_051156.jpg,684,2014,37.2979,-79.9877,4,14,-5,0,54,19.4,66.9
20140415_074149.jpg,684,2014,37.2979,-79.9877,4,15,-5,1,54,16.1,61
20140416_061152.jpg,684,2014,37.2979,-79.9877,4,16,-5,0,54,0,32
20140417_061153.jpg,684,2014,37.2979,-79.9877,4,17,-5,0,54,4.4,39.9
20140418_081154.jpg,684,2014,37.2979,-79.9877,4,18,-5,0,54,4.4,39.9
20140419_121153.jpg,684,2014,37.2979,-79.9877,4,19,-5,4,54,7.8,46
20140420_171156.jpg,684,2014,37.2979,-79.9877,4,20,-5,9,54,13.9,57
20140421_051142.jpg,684,2014,37.2979,-79.9877,4,21,-5,0,54,10.6,51.1
20140422_054154.jpg,684,2014,37.2979,-79.9877,4,22,-5,0,54,17.2,63
20140423_051202.jpg,684,2014,37.2979,-79.9877,4,23,-5,0,54,17.8,64
20140424_051150.jpg,684,2014,37.2979,-79.9877,4,24,-5,0,54,11.1,52
20140425_111147.jpg,684,2014,37.2979,-79.9877,4,25,-5,3,54,10.6,51.1
20140426_161145.jpg,684,2014,37.2979,-79.9877,4,26,-5,8,54,15.6,60.1
20140427_084146.jpg,684,2014,37.2979,-79.9877,4,27,-5,2,54,15.6,60.1
20140428_061153.jpg,684,2014,37.2979,-79.9877,4,28,-5,0,54,17.2,63
20140429_071200.jpg,684,2014,37.2979,-79.9877,4,29,-5,0,36,9,48.2
20140430_051154.jpg,684,2014,37.2979,-79.9877,4,30,-5,0,20,11,51.8
20140501_061142.jpg,684,2014,37.2979,-79.9877,5,1,-5,0,43,16,60.8
20140502_074158.jpg,684,2014,37.2979,-79.9877,5,2,-5,1,54,13.3,55.9
20140503_084143.jpg,684,2014,37.2979,-79.9877,5,3,-5,2,54,12.2,54
20140504_051158.jpg,684,2014,37.2979,-79.9877,5,4,-5,0,54,17.8,64
20140505_051155.jpg,684,2014,37.2979,-79.9877,5,5,-5,0,54,17.8,64
20140506_054153.jpg,684,2014,37.2979,-79.9877,5,6,-5,1,34,11,51.8
20140507_061156.jpg,684,2014,37.2979,-79.9877,5,7,-5,0,54,16.7,62.1
20140508_101157.jpg,684,2014,37.2979,-79.9877,5,8,-5,2,54,16.1,61
20140509_121147.jpg,684,2014,37.2979,-79.9877,5,9,-5,4,54,17,62.6
20140510_191146.jpg,684,2014,37.2979,-79.9877,5,10,-5,11,54,18.9,66
20140511_131149.jpg,684,2014,37.2979,-79.9877,5,11,-5,5,54,13.9,57
20140512_084157.jpg,684,2014,37.2979,-79.9877,5,12,-5,2,54,16.7,62.1
20140516_191152.jpg,684,2014,37.2979,-79.9877,5,16,-5,11,54,14.4,57.9
20140517_071149.jpg,684,2014,37.2979,-79.9877,5,17,-5,0,54,8.9,48
20140518_051155.jpg,684,2014,37.2979,-79.9877,5,18,-5,0,54,11.1,52
20140519_111154.jpg,684,2014,37.2979,-79.9877,5,19,-5,3,54,6.7,44.1
20140520_061156.jpg,684,2014,37.2979,-79.9877,5,20,-5,0,54,11.7,53.1
20140521_084153.jpg,684,2014,37.2979,-79.9877,5,21,-5,2,54,20,68
20140522_091149.jpg,684,2014,37.2979,-79.9877,5,22,-5,1,54,23.3,73.9
20140523_081147.jpg,684,2014,37.2979,-79.9877,5,23,-5,0,54,21.1,70
20140524_051156.jpg,684,2014,37.2979,-79.9877,5,24,-5,0,54,17.2,63
20140525_234154.jpg,684,2014,37.2979,-79.9877,5,25,-5,17,54,26.1,79
20140526_051154.jpg,684,2014,37.2979,-79.9877,5,26,-5,0,54,16.7,62.1
20140527_081156.jpg,684,2014,37.2979,-79.9877,5,27,-5,0,54,21.1,70
20140528_084153.jpg,684,2014,37.2979,-79.9877,5,28,-5,2,54,20.6,69.1
20140529_084145.jpg,684,2014,37.2979,-79.9877,5,29,-5,2,54,20,68
20140530_081154.jpg,684,2014,37.2979,-79.9877,5,30,-5,4,5,18,64.4
20140531_051151.jpg,684,2014,37.2979,-79.9877,5,31,-5,0,54,18.3,64.9
20140601_081152.jpg,684,2014,37.2979,-79.9877,6,1,-5,0,54,19.4,66.9
20140602_071151.jpg,684,2014,37.2979,-79.9877,6,2,-5,0,54,17.2,63
20140603_061155.jpg,684,2014,37.2979,-79.9877,6,3,-5,0,54,20,68
20140604_074156.jpg,684,2014,37.2979,-79.9877,6,4,-5,1,54,22.2,72
20140605_111146.jpg,684,2014,37.2979,-79.9877,6,5,-5,3,54,21.1,70
20140606_064144.jpg,684,2014,37.2979,-79.9877,6,6,-5,0,54,16.1,61
20140607_131152.jpg,684,2014,37.2979,-79.9877,6,7,-5,5,54,16.1,61
20140608_061150.jpg,684,2014,37.2979,-79.9877,6,8,-5,0,54,21.7,71.1
20140609_091145.jpg,684,2014,37.2979,-79.9877,6,9,-5,1,54,21.1,70
20140610_064142.jpg,684,2014,37.2979,-79.9877,6,10,-5,0,54,22.2,72
20140611_101204.jpg,684,2014,37.2979,-79.9877,6,11,-5,2,54,20.6,69.1
20140612_061158.jpg,684,2014,37.2979,-79.9877,6,12,-5,0,36,20,68
20140613_144156.jpg,684,2014,37.2979,-79.9877,6,13,-5,8,54,20,68
20140614_081155.jpg,684,2014,37.2979,-79.9877,6,14,-5,0,54,20,68
20140615_084149.jpg,684,2014,37.2979,-79.9877,6,15,-5,2,54,14.4,57.9
20140616_154153.jpg,684,2014,37.2979,-79.9877,6,16,-5,9,54,26.7,80.1
20140617_121148.jpg,684,2014,37.2979,-79.9877,6,17,-5,4,54,20,68
20140618_131200.jpg,684,2014,37.2979,-79.9877,6,18,-5,5,54,21.7,71.1
20140619_154149.jpg,684,2014,37.2979,-79.9877,6,19,-5,9,54,27.8,82
20140620_091152.jpg,684,2014,37.2979,-79.9877,6,20,-5,1,54,22.8,73
20140621_084151.jpg,684,2014,37.2979,-79.9877,6,21,-5,2,54,20.6,69.1
20140622_061158.jpg,684,2014,37.2979,-79.9877,6,22,-5,3,14,21,69.8
20140623_121150.jpg,684,2014,37.2979,-79.9877,6,23,-5,4,49,19,66.2
20140624_081144.jpg,684,2014,37.2979,-79.9877,6,24,-5,0,54,22.2,72
20140625_061147.jpg,684,2014,37.2979,-79.9877,6,25,-5,2,3,22,71.6
20140626_074145.jpg,684,2014,37.2979,-79.9877,6,26,-5,1,54,21.7,71.1
20140627_141153.jpg,684,2014,37.2979,-79.9877,6,27,-5,6,54,20,68
20140628_104149.jpg,684,2014,37.2979,-79.9877,6,28,-5,4,54,21.7,71.1
20140629_094147.jpg,684,2014,37.2979,-79.9877,6,29,-5,3,54,20.6,69.1
20140630_054144.jpg,684,2014,37.2979,-79.9877,6,30,-5,0,54,19.4,66.9
20140701_154146.jpg,684,2014,37.2979,-79.9877,7,1,-5,9,54,27.2,81
20140702_114151.jpg,684,2014,37.2979,-79.9877,7,2,-5,5,54,23.3,73.9
20140703_091148.jpg,684,2014,37.2979,-79.9877,7,3,-5,1,54,25,77
20140704_121147.jpg,684,2014,37.2979,-79.9877,7,4,-5,4,54,19.4,66.9
20140705_081146.jpg,684,2014,37.2979,-79.9877,7,5,-5,0,54,16.1,61
20140706_051153.jpg,684,2014,37.2979,-79.9877,7,6,-5,0,54,17.2,63
20140707_111149.jpg,684,2014,37.2979,-79.9877,7,7,-5,3,54,20.6,69.1
20140708_094150.jpg,684,2014,37.2979,-79.9877,7,8,-5,3,54,22.8,73
20140709_114151.jpg,684,2014,37.2979,-79.9877,7,9,-5,5,54,22.8,73
20140710_051201.jpg,684,2014,37.2979,-79.9877,7,10,-5,0,54,20,68
20140711_091155.jpg,684,2014,37.2979,-79.9877,7,11,-5,1,54,19.4,66.9
20140712_151150.jpg,684,2014,37.2979,-79.9877,7,12,-5,7,54,20,68
20140713_074144.jpg,684,2014,37.2979,-79.9877,7,13,-5,1,54,22.8,73
20140714_091149.jpg,684,2014,37.2979,-79.9877,7,14,-5,1,54,24.4,75.9
20140715_064145.jpg,684,2014,37.2979,-79.9877,7,15,-5,0,54,22.8,73
20140716_054149.jpg,684,2014,37.2979,-79.9877,7,16,-5,0,54,17.8,64
20140717_091149.jpg,684,2014,37.2979,-79.9877,7,17,-5,1,54,15.6,60.1
20140718_091154.jpg,684,2014,37.2979,-79.9877,7,18,-5,1,54,17.8,64
20140719_114150.jpg,684,2014,37.2979,-79.9877,7,19,-5,5,54,18.9,66
20140720_051147.jpg,684,2014,37.2979,-79.9877,7,20,-5,0,54,18.9,66
20140721_081151.jpg,684,2014,37.2979,-79.9877,7,21,-5,0,54,22.2,72
20140722_091157.jpg,684,2014,37.2979,-79.9877,7,22,-5,1,54,22.2,72
20140723_081159.jpg,684,2014,37.2979,-79.9877,7,23,-5,0,54,21.7,71.1
20140724_091146.jpg,684,2014,37.2979,-79.9877,7,24,-5,1,54,26,78.8
20140725_064200.jpg,684,2014,37.2979,-79.9877,7,25,-5,0,54,20,68
20140726_054148.jpg,684,2014,37.2979,-79.9877,7,26,-5,3,6,22,71.6
20140727_051149.jpg,684,2014,37.2979,-79.9877,7,27,-5,0,54,26.1,79
20140728_064152.jpg,684,2014,37.2979,-79.9877,7,28,-5,0,54,24.4,75.9
20140729_051157.jpg,684,2014,37.2979,-79.9877,7,29,-5,0,54,18.3,64.9
20140730_054151.jpg,684,2014,37.2979,-79.9877,7,30,-5,0,54,16.7,62.1
20140731_051204.jpg,684,2014,37.2979,-79.9877,7,31,-5,0,54,16.7,62.1
20140801_121159.jpg,684,2014,37.2979,-79.9877,8,1,-5,4,54,18.9,66
20140802_101201.jpg,684,2014,37.2979,-79.9877,8,2,-5,2,47,17,62.6
20140803_181156.jpg,684,2014,37.2979,-79.9877,8,3,-5,10,54,24.4,75.9
20140804_124152.jpg,684,2014,37.2979,-79.9877,8,4,-5,6,54,15.6,60.1
20140805_121229.jpg,684,2014,37.2979,-79.9877,8,5,-5,4,54,16.7,62.1
20140806_111148.jpg,684,2014,37.2979,-79.9877,8,6,-5,3,54,17.2,63
20140807_101200.jpg,684,2014,37.2979,-79.9877,8,7,-5,2,54,20,68
20140808_051200.jpg,684,2014,37.2979,-79.9877,8,8,-5,0,54,21.7,71.1
20140809_064157.jpg,684,2014,37.2979,-79.9877,8,9,-5,1,54,18.9,66
20140810_051156.jpg,684,2014,37.2979,-79.9877,8,10,-5,0,54,18.3,64.9
20140811_054150.jpg,684,2014,37.2979,-79.9877,8,11,-5,0,54,19.4,66.9
20140812_101147.jpg,684,2014,37.2979,-79.9877,8,12,-5,4,24,18.9,66
20140813_074153.jpg,684,2014,37.2979,-79.9877,8,13,-5,1,54,19.4,66.9
20140814_101154.jpg,684,2014,37.2979,-79.9877,8,14,-5,2,54,15.6,60.1
20140815_144155.jpg,684,2014,37.2979,-79.9877,8,15,-5,8,54,20.6,69.1
20140816_191156.jpg,684,2014,37.2979,-79.9877,8,16,-5,11,54,23.9,75
20140817_011154.jpg,684,2014,37.2979,-79.9877,8,17,-5,17,54,26,78.8
20140818_171203.jpg,684,2014,37.2979,-79.9877,8,18,-5,12,13,22.8,73
20140819_134153.jpg,684,2014,37.2979,-79.9877,8,19,-5,7,54,21.7,71.1
20140820_081148.jpg,684,2014,37.2979,-79.9877,8,20,-5,0,54,20,68
20140821_061151.jpg,684,2014,37.2979,-79.9877,8,21,-5,0,54,22.2,72
20140822_081202.jpg,684,2014,37.2979,-79.9877,8,22,-5,0,54,22.2,72
20140823_121154.jpg,684,2014,37.2979,-79.9877,8,23,-5,5,33,22.8,73
20140824_061156.jpg,684,2014,37.2979,-79.9877,8,24,-5,0,32,21.1,70
20140825_081155.jpg,684,2014,37.2979,-79.9877,8,25,-5,0,54,20,68
20140826_051202.jpg,684,2014,37.2979,-79.9877,8,26,-5,0,54,16.1,61
20140827_084151.jpg,684,2014,37.2979,-79.9877,8,27,-5,2,54,15,59
20140828_134204.jpg,684,2014,37.2979,-79.9877,8,28,-5,7,54,21.7,71.1
20140829_091146.jpg,684,2014,37.2979,-79.9877,8,29,-5,1,54,20.6,69.1
20140830_054200.jpg,684,2014,37.2979,-79.9877,8,30,-5,3,2,22.2,72
20140831_061201.jpg,684,2014,37.2979,-79.9877,8,31,-5,0,54,22.2,72
20140901_071146.jpg,684,2014,37.2979,-79.9877,9,1,-5,0,54,23.9,75
20140902_024213.jpg,684,2014,37.2979,-79.9877,9,2,-5,20,54,27.2,81
20140903_171201.jpg,684,2014,37.2979,-79.9877,9,3,-5,9,54,23.3,73.9
20140904_051155.jpg,684,2014,37.2979,-79.9877,9,4,-5,0,54,22,71.6
20140905_091145.jpg,684,2014,37.2979,-79.9877,9,5,-5,1,54,21.1,70
20140906_074145.jpg,684,2014,37.2979,-79.9877,9,6,-5,1,54,21.1,70
20140907_074149.jpg,684,2014,37.2979,-79.9877,9,7,-5,1,54,20.6,69.1
20140908_081151.jpg,684,2014,37.2979,-79.9877,9,8,-5,0,54,20.6,69.1
20140909_071151.jpg,684,2014,37.2979,-79.9877,9,9,-5,0,54,18.3,64.9
20140910_051150.jpg,684,2014,37.2979,-79.9877,9,10,-5,0,54,18.9,66
20140911_154145.jpg,684,2014,37.2979,-79.9877,9,11,-5,9,54,23.3,73.9
20140912_161154.jpg,684,2014,37.2979,-79.9877,9,12,-5,9,36,21.7,71.1
20140913_071153.jpg,684,2014,37.2979,-79.9877,9,13,-5,1,23,17.8,64
20140914_061159.jpg,684,2014,37.2979,-79.9877,9,14,-5,0,54,16.1,61
20140915_081152.jpg,684,2014,37.2979,-79.9877,9,15,-5,0,54,15.6,60.1
20140916_051158.jpg,684,2014,37.2979,-79.9877,9,16,-5,0,54,19.4,66.9
20140917_061150.jpg,684,2014,37.2979,-79.9877,9,17,-5,0,54,18.3,64.9
20140918_064144.jpg,684,2014,37.2979,-79.9877,9,18,-5,0,54,13.9,57
20140919_084207.jpg,684,2014,37.2979,-79.9877,9,19,-5,2,54,17.2,63
20140920_071149.jpg,684,2014,37.2979,-79.9877,9,20,-5,0,54,16.1,61
20140921_064152.jpg,684,2014,37.2979,-79.9877,9,21,-5,1,54,14.4,57.9
20140922_101152.jpg,684,2014,37.2979,-79.9877,9,22,-5,2,54,16.1,61
20140923_074152.jpg,684,2014,37.2979,-79.9877,9,23,-5,1,54,12.8,55
20140924_051154.jpg,684,2014,37.2979,-79.9877,9,24,-5,0,54,12.2,54
20140925_114159.jpg,684,2014,37.2979,-79.9877,9,25,-5,5,54,15.6,60.1
20140926_094205.jpg,684,2014,37.2979,-79.9877,9,26,-5,3,54,17.8,64
20140927_191201.jpg,684,2014,37.2979,-79.9877,9,27,-5,11,54,21.1,70
20140928_074152.jpg,684,2014,37.2979,-79.9877,9,28,-5,1,54,12.8,55
20140929_184153.jpg,684,2014,37.2979,-79.9877,9,29,-5,12,54,20,68
20140930_161150.jpg,684,2014,37.2979,-79.9877,9,30,-5,8,54,15,59
20141001_104152.jpg,684,2014,37.2979,-79.9877,10,1,-5,4,54,14,57.2
20141002_131159.jpg,684,2014,37.2979,-79.9877,10,2,-5,7,21,15,59
20141003_104154.jpg,684,2014,37.2979,-79.9877,10,3,-5,4,54,18.9,66
20141004_071200.jpg,684,2014,37.2979,-79.9877,10,4,-5,0,54,18.9,66
20141005_081154.jpg,684,2014,37.2979,-79.9877,10,5,-5,0,54,6.7,44.1
20141006_174148.jpg,684,2014,37.2979,-79.9877,10,6,-5,11,54,17.2,63
20141007_124149.jpg,684,2014,37.2979,-79.9877,10,7,-5,6,54,11.7,53.1
20141008_104150.jpg,684,2014,37.2979,-79.9877,10,8,-5,4,54,14.4,57.9
20141009_051155.jpg,684,2014,37.2979,-79.9877,10,9,-5,0,54,13.3,55.9
20141010_024158.jpg,684,2014,37.2979,-79.9877,10,10,-5,20,54,15.6,60.1
